,City,Country,Lat,Lng,Max Temp,Humidity,Cloudiness,Wind Speed,Current Description
0,Albany,US,42.6001,-73.9662,16.0,85,3,5.53,clear sky
1,Ushuaia,AR,-54.8,-68.3,48.2,71,20,23.02,few clouds
2,Cape Town,ZA,-33.9258,18.4232,70.0,82,75,8.05,broken clouds
3,Georgetown,MY,5.4112,100.3354,82.99,57,20,9.22,few clouds
4,Vaini,TO,-21.2,-175.2,86.0,79,75,13.8,broken clouds
5,Kayasula,RU,44.325,45.0,35.08,91,96,8.23,overcast clouds
6,Skibbereen,IE,51.55,-9.2667,41.0,93,75,14.97,light rain
7,Leningradskiy,RU,69.3833,178.4167,-27.11,82,0,4.34,clear sky
8,Hobart,AU,-42.8794,147.3294,73.99,45,75,11.5,broken clouds
9,Chase,CA,50.8165,-119.6857,33.01,100,100,3.47,overcast clouds
10,Puerto Ayora,EC,-0.7393,-90.3518,78.01,89,42,5.01,scattered clouds
11,Mataura,NZ,-46.1927,168.8643,71.82,37,98,3.74,overcast clouds
12,Saldanha,ZA,-33.0117,17.9442,63.59,93,0,2.48,clear sky
13,Jamestown,US,42.097,-79.2353,18.0,79,1,5.75,clear sky
14,Ponta Do Sol,PT,32.6667,-17.1,57.99,74,22,5.01,few clouds
15,Namatanai,PG,-3.6667,152.4333,84.58,66,100,13.51,overcast clouds
16,Torbay,CA,47.6666,-52.7314,28.99,100,90,9.22,light snow
17,Rikitea,PF,-23.1203,-134.9692,79.5,70,0,11.32,clear sky
18,Sistranda,NO,63.7256,8.834,28.4,86,40,4.61,scattered clouds
19,Beringovskiy,RU,63.05,179.3167,6.33,94,100,30.67,snow
20,Longyearbyen,SJ,78.2186,15.6401,-5.8,59,20,20.71,few clouds
21,Dombarovskiy,RU,50.7587,59.5386,8.82,94,0,5.21,clear sky
22,Nantucket,US,41.2835,-70.0995,19.99,49,1,16.11,clear sky
23,Avarua,CK,-21.2078,-159.775,82.4,74,75,3.44,broken clouds
24,Svetlaya,RU,46.5389,138.3297,6.35,79,25,7.11,scattered clouds
25,Hasaki,JP,35.7333,140.8333,50.0,37,20,17.27,few clouds
26,East London,ZA,-33.0153,27.9116,70.3,84,80,3.04,broken clouds
27,Saskylakh,RU,71.9167,114.0833,-33.57,82,100,10.92,overcast clouds
28,Ancud,CL,-41.8697,-73.8203,53.01,76,0,3.44,clear sky
29,Saint George,US,37.1041,-113.5841,44.6,65,1,3.44,clear sky
30,Constitucion,CL,-35.3333,-72.4167,59.31,93,28,8.03,scattered clouds
31,Punta Arenas,CL,-53.15,-70.9167,48.2,71,0,17.27,clear sky
32,Alofi,NU,-19.0595,-169.9187,80.6,78,90,10.36,light rain
33,Zhigansk,RU,66.7697,123.3711,-47.49,73,67,3.42,broken clouds
34,Atuona,PF,-9.8,-139.0333,79.12,75,77,16.96,broken clouds
35,Vallenar,CL,-28.5708,-70.7581,64.67,63,0,0.6,clear sky
36,Geraldton,AU,-28.7667,114.6,100.4,19,0,10.36,clear sky
37,Narsaq,GL,60.9167,-46.05,39.2,30,75,28.77,broken clouds
38,Cahir,IE,52.3769,-7.9217,42.01,88,100,11.01,overcast clouds
39,New Norfolk,AU,-42.7826,147.0587,73.99,38,3,3.0,clear sky
40,Dvorichna,UA,49.8496,37.6857,36.52,86,100,17.36,moderate rain
41,Provideniya,RU,64.3833,-173.3,-9.27,83,99,14.58,overcast clouds
42,Grenville,GD,12.1167,-61.6167,78.8,83,20,17.27,few clouds
43,Roma,US,43.2128,-75.4557,12.2,79,90,5.75,overcast clouds
44,Vilya,RU,55.2456,42.2089,24.4,98,100,9.31,snow
45,Muisne,EC,0.6,-80.0333,77.18,88,19,3.47,light rain
46,Kodiak,US,57.79,-152.4072,32.0,51,1,19.57,clear sky
47,Butaritari,KI,3.0707,172.7902,81.21,79,62,18.5,broken clouds
48,Konskie,PL,51.1917,20.4061,24.01,10,6,5.86,clear sky
49,Mar Del Plata,AR,-38.0023,-57.5575,62.01,51,0,18.41,light rain
50,Praia Da Vitoria,PT,38.7333,-27.0667,64.4,88,75,14.92,broken clouds
51,Pangnirtung,CA,66.1451,-65.7125,-7.37,75,13,3.18,few clouds
52,Esperance,AU,-33.8667,121.9,78.8,41,0,6.91,clear sky
53,Naze,JP,28.3667,129.4833,62.6,51,75,6.91,broken clouds
54,Jacareacanga,BR,-6.2222,-57.7528,74.16,90,100,1.54,overcast clouds
55,Castro,BR,-24.7911,-50.0119,65.05,96,100,5.84,light rain
56,Tiksi,RU,71.6872,128.8694,-27.26,86,100,4.83,overcast clouds
57,Broome,US,42.2506,-75.833,12.99,79,1,10.36,clear sky
58,Chuy,UY,-33.6971,-53.4616,68.83,93,100,13.33,light rain
59,Iqaluit,CA,63.7506,-68.5145,-7.01,71,1,16.11,clear sky
60,Yatou,CN,37.15,122.3833,45.52,73,84,13.78,broken clouds
61,Lompoc,US,34.6391,-120.4579,51.8,82,1,5.75,clear sky
62,Kaitangata,NZ,-46.2817,169.8464,60.01,75,100,7.0,overcast clouds
63,Bluff,NZ,-46.6,168.3333,58.37,70,99,9.71,overcast clouds
64,Qaanaaq,GL,77.484,-69.3632,-5.31,75,99,2.66,overcast clouds
65,Busselton,AU,-33.65,115.3333,82.99,47,0,1.01,clear sky
66,Sisimiut,GL,66.9395,-53.6735,5.65,90,71,7.76,broken clouds
67,Sumenep,ID,-7.0167,113.8667,83.23,76,57,12.5,broken clouds
68,Palora,EC,-1.7,-77.9333,66.38,91,35,2.91,scattered clouds
69,Yellowknife,CA,62.456,-114.3525,-16.01,76,1,4.61,clear sky
70,Antofagasta,CL,-23.65,-70.4,66.2,82,20,10.36,few clouds
71,College,US,64.8569,-147.8028,-4.0,77,90,0.72,light snow
72,Grand Gaube,MU,-20.0064,57.6608,77.0,85,2,3.0,clear sky
73,Changli,CN,39.7042,119.1506,29.25,92,92,6.53,overcast clouds
74,Bundaberg,AU,-24.85,152.35,86.0,45,40,14.97,scattered clouds
75,Laguna,US,38.421,-121.4238,55.4,58,90,5.35,overcast clouds
76,Reitz,ZA,-27.8014,28.4273,61.32,81,94,1.41,overcast clouds
77,Lorengau,PG,-2.0226,147.2712,82.45,82,100,12.1,overcast clouds
78,Teahupoo,PF,-17.8333,-149.2667,80.6,74,75,19.57,light rain
79,Hornepayne,CA,49.2138,-84.7705,1.85,94,43,5.06,scattered clouds
80,Bethel,US,41.3712,-73.414,18.0,67,1,6.15,clear sky
81,Aklavik,CA,68.2191,-135.0107,-27.4,75,100,1.14,overcast clouds
82,Whitianga,NZ,-36.8333,175.7,68.47,50,9,8.01,clear sky
83,Jinchang,CN,38.4953,102.1739,26.31,63,0,1.28,clear sky
84,Tirumullaivasal,IN,11.2333,79.8333,76.06,82,48,9.22,scattered clouds
85,Byron Bay,AU,-28.65,153.6167,82.4,69,90,11.5,overcast clouds
86,Eirunepe,BR,-6.6603,-69.8736,74.07,91,93,1.01,heavy intensity rain
87,Judenburg,AT,47.1667,14.6667,33.01,98,100,1.28,light snow
88,Port Elizabeth,ZA,-33.918,25.5701,60.8,88,0,3.44,clear sky
89,Salalah,OM,17.0151,54.0924,66.2,72,40,3.44,scattered clouds
90,Khatanga,RU,71.9667,102.5,-47.16,78,40,0.85,scattered clouds
91,Nikolskoye,RU,59.7035,30.7861,24.8,93,75,4.47,light snow
92,Katsuura,JP,35.1333,140.3,51.01,43,20,13.8,few clouds
93,Barrow,US,71.2906,-156.7887,-16.6,69,90,6.91,light snow
94,Margate,GB,51.3813,1.3862,39.99,66,7,4.0,clear sky
95,Mamallapuram,IN,12.6264,80.1722,73.4,94,20,6.6,mist
96,Sibolga,ID,1.7427,98.7792,81.91,62,50,2.51,scattered clouds
97,Hithadhoo,MV,-0.6,73.0833,81.68,79,14,14.0,few clouds
98,Tuy Hoa,VN,13.0833,109.3,71.78,88,100,7.2,overcast clouds
99,Kapaa,US,22.0752,-159.319,75.2,78,40,18.41,light rain
100,Ribeira Grande,PT,38.5167,-28.7,63.12,92,98,20.49,overcast clouds
101,Toila,EE,59.4236,27.5025,25.75,97,100,10.2,overcast clouds
102,Wote,KE,-1.7808,37.6288,59.68,83,100,1.79,overcast clouds
103,Coquimbo,CL,-29.9533,-71.3436,64.4,94,90,3.44,overcast clouds
104,Sao Filipe,CV,14.8961,-24.4956,74.35,60,100,9.86,overcast clouds
105,Fortuna,US,40.5982,-124.1573,53.01,87,75,21.85,moderate rain
106,Warmbad,NA,-28.45,18.7333,68.43,44,0,7.65,clear sky
107,Coolum Beach,AU,-26.5333,153.1,82.99,81,13,4.0,few clouds
108,Vila Velha,BR,-20.3297,-40.2925,78.8,78,40,6.91,scattered clouds
109,Fare,PF,-16.7,-151.0167,81.57,71,8,6.44,clear sky
110,West Plains,US,36.7281,-91.8524,53.01,87,90,9.22,overcast clouds
111,Upernavik,GL,72.7868,-56.1549,-9.69,85,68,6.22,broken clouds
112,Zlobin,HR,45.2924,14.6541,48.0,93,75,8.05,broken clouds
113,Luoyang,CN,34.6836,112.4536,53.01,99,100,6.44,overcast clouds
114,Borogontsy,RU,62.6683,131.1683,-41.31,79,95,3.18,overcast clouds
115,Sur,OM,22.5667,59.5289,64.96,52,0,1.97,clear sky
116,Sterling,US,39.0062,-77.4286,30.99,47,90,4.61,overcast clouds
117,Port Alfred,ZA,-33.5906,26.891,62.01,92,0,1.97,clear sky
118,Hilo,US,19.7297,-155.09,78.8,57,90,9.22,light rain
119,Hermanus,ZA,-34.4187,19.2345,61.0,89,0,9.06,clear sky
120,Nouadhibou,MR,20.931,-17.0347,66.2,63,0,17.27,clear sky
121,Ugoofaaru,MV,5.6667,73.0,82.09,68,97,8.93,overcast clouds
122,Jiaonan,CN,35.8786,119.9753,50.0,57,0,11.18,haze
123,Lata,PT,40.1629,-8.3327,55.99,89,100,1.01,overcast clouds
124,Bredasdorp,ZA,-34.5322,20.0403,61.0,89,0,6.58,clear sky
125,Palmer,US,42.1584,-72.3287,14.0,57,1,4.61,clear sky
126,Vardo,NO,70.3705,31.1107,25.65,95,100,19.86,light snow
127,Pevek,RU,69.7008,170.3133,-33.29,84,6,1.86,clear sky
128,Diffa,NE,13.3154,12.6113,64.85,28,3,11.21,clear sky
129,Sitka,US,57.0531,-135.33,39.2,60,40,11.5,scattered clouds
130,Chazuta,PE,-6.5742,-76.1367,78.8,78,20,3.44,few clouds
131,Sa Kaeo,TH,13.75,102.3333,77.74,51,18,10.45,few clouds
132,Lebu,CL,-37.6167,-73.65,55.94,87,1,12.88,clear sky
133,Mozarlandia,BR,-14.7447,-50.5706,74.48,84,100,0.2,overcast clouds
134,Macusani,PE,-14.0833,-70.4333,38.14,88,100,2.55,overcast clouds
135,Bengkulu,ID,-3.8004,102.2655,74.77,92,100,4.07,overcast clouds
136,Berdigestyakh,RU,62.0989,126.6992,-41.71,79,92,2.1,overcast clouds
137,Sakakah,SA,29.9697,40.2064,41.0,65,0,3.44,clear sky
138,Kemijarvi,FI,66.7131,27.4306,11.03,96,100,3.33,light snow
139,Natal,BR,-5.795,-35.2094,77.0,88,20,4.61,few clouds
140,Wairoa,NZ,-39.0333,177.3667,64.99,71,85,8.01,overcast clouds
141,Richards Bay,ZA,-28.783,32.0377,73.74,95,82,4.47,broken clouds
142,Wajima,JP,37.4,136.9,33.8,75,75,4.61,broken clouds
143,Ayan,RU,56.45,138.1667,-6.29,83,100,7.27,overcast clouds
144,Surt,LY,31.2089,16.5887,63.77,41,0,13.29,clear sky
145,Talnakh,RU,69.4865,88.3972,-31.25,71,0,7.23,clear sky
146,Opotiki,NZ,-38.0833,177.2833,73.99,59,24,4.0,few clouds
147,Florianopolis,BR,-27.6146,-48.5012,80.01,89,0,6.91,clear sky
148,Bambous Virieux,MU,-20.3428,57.7575,78.8,83,20,6.91,few clouds
149,Quang Ngai,VN,15.1167,108.8,71.56,86,97,1.92,overcast clouds
150,Saint-Philippe,RE,-21.3585,55.7679,77.0,69,0,4.61,light rain
151,Xian,CN,34.2583,108.9286,51.01,33,0,4.47,clear sky
152,Ronneby,SE,56.21,15.276,23.0,100,90,2.3,overcast clouds
153,Arraial Do Cabo,BR,-22.9661,-42.0278,76.82,83,2,26.22,clear sky
154,Kirakira,SB,-10.4544,161.9205,82.56,81,100,14.79,overcast clouds
155,Ostrovnoy,RU,68.0531,39.5131,14.92,95,100,7.61,light snow
156,Tasiilaq,GL,65.6145,-37.6368,21.2,33,75,11.5,broken clouds
157,Mutoko,ZW,-17.397,32.2268,62.98,100,100,5.01,overcast clouds
158,Chulman,RU,56.8479,124.9104,-31.7,81,100,0.92,overcast clouds
159,Touros,BR,-5.1989,-35.4608,77.0,88,20,3.44,few clouds
160,Rolante,BR,-29.6506,-50.5758,77.0,82,84,1.01,broken clouds
161,Jumla,NP,29.2747,82.1838,32.23,54,0,3.56,clear sky
162,The Valley,AI,18.217,-63.0578,77.0,83,40,10.36,scattered clouds
163,Thunder Bay,CA,48.4001,-89.3168,28.4,80,75,11.5,light snow
164,Ler,SS,8.3018,30.1418,71.65,22,20,5.95,few clouds
165,Koundara,GN,12.4833,-13.3,70.84,20,38,3.89,scattered clouds
166,Muravlenko,RU,63.7898,74.523,-16.8,87,100,18.63,overcast clouds
167,Jaguarari,BR,-10.2639,-40.1958,67.96,90,100,3.83,overcast clouds
168,Clyde River,CA,70.4692,-68.5914,-4.0,92,90,4.61,light snow
169,Puerto Maldonado,PE,-12.6,-69.1833,73.87,96,58,2.8,broken clouds
170,La Ronge,CA,55.1001,-105.2842,12.2,79,6,1.52,clear sky
171,Porto Santo,PT,33.072,-16.3415,57.2,88,0,3.44,clear sky
172,San Rafael,AR,-34.6177,-68.3301,63.16,71,100,18.28,moderate rain
173,Faya,SA,18.3851,42.4509,51.8,66,0,3.74,clear sky
174,Saint Simons,US,31.1352,-81.3901,55.4,88,75,8.66,broken clouds
175,Damietta,EG,31.4165,31.8133,57.94,49,0,19.24,clear sky
176,Sola,VU,-13.8833,167.55,87.8,70,75,6.91,broken clouds
177,Belokurikha,RU,51.9959,84.9896,12.09,90,0,3.51,clear sky
178,Chokurdakh,RU,70.6333,147.9167,-29.65,85,0,8.46,clear sky
179,Voh,NC,-20.9667,164.7,85.5,50,7,6.96,clear sky
180,Nemuro,JP,43.3236,145.575,24.8,58,20,8.05,few clouds
181,Shimoda,JP,34.6667,138.95,51.8,54,20,8.05,few clouds
182,Thompson,CA,55.7435,-97.8558,14.0,92,90,2.3,light snow
183,Ketchikan,US,55.3422,-131.6461,30.2,100,20,4.61,few clouds
184,Noumea,NC,-22.2763,166.4572,81.0,65,75,20.71,broken clouds
185,Las Palmas,ES,28.4204,-14.0131,64.4,82,90,21.85,overcast clouds
186,Ndele,CF,8.4109,20.6473,72.09,21,4,8.75,clear sky
187,Celestun,MX,20.8667,-90.4,73.83,67,95,9.24,overcast clouds
188,Pedernales,DO,18.0384,-71.744,75.61,67,12,3.18,few clouds
189,Rondonopolis,BR,-16.4708,-54.6356,75.76,74,83,2.28,broken clouds
190,Tuktoyaktuk,CA,69.4541,-133.0374,-34.6,67,40,4.61,scattered clouds
191,Yulara,AU,-25.2406,130.9889,91.4,21,90,17.27,overcast clouds
192,Mazyr,BY,52.0495,29.2456,23.36,98,100,9.24,overcast clouds
193,Eganville,CA,45.5334,-77.0994,7.0,71,1,2.3,clear sky
194,Bubaque,GW,11.2833,-15.8333,79.05,64,99,9.13,overcast clouds
195,Gravdal,NO,68.1214,13.5031,25.77,89,40,4.54,scattered clouds
196,Ahipara,NZ,-35.1667,173.1667,71.69,51,0,5.64,clear sky
197,Fernie,CA,49.5,-115.0687,32.0,74,97,5.75,light snow
198,Necochea,AR,-38.5473,-58.7368,59.0,69,89,11.52,overcast clouds
199,Klaksvik,FO,62.2266,-6.589,32.0,74,40,19.57,scattered clouds
200,Doka,SD,13.5167,35.7667,67.69,59,0,11.83,clear sky
201,Vestmannaeyjar,IS,63.4427,-20.2734,32.41,92,100,13.29,overcast clouds
202,Havoysund,NO,70.9963,24.6622,26.6,93,75,11.5,light snow
203,Moulins,FR,46.5,3.3333,45.0,93,90,2.3,overcast clouds
204,Karratha,AU,-20.7377,116.8463,90.25,48,89,7.49,overcast clouds
205,Morena,IN,26.4969,78.0,47.86,51,0,1.92,clear sky
206,Saraland,US,30.8207,-88.0706,61.0,82,100,1.01,overcast clouds
207,Xingyi,CN,24.1877,102.817,51.03,86,100,5.68,overcast clouds
208,Anacortes,US,48.5126,-122.6127,48.2,81,90,9.22,overcast clouds
209,Fomboni,KM,-12.28,43.7425,83.17,76,91,13.06,light rain
210,Vao,NC,-22.6667,167.4833,76.21,78,100,22.44,overcast clouds
211,California City,US,35.1258,-117.9859,52.0,57,1,5.75,clear sky
212,Singkawang,ID,0.9,109.0,80.96,79,100,7.56,overcast clouds
213,Bilibino,RU,68.0546,166.4372,-26.82,79,0,5.97,clear sky
214,Tanout,NE,14.9709,8.8879,60.82,28,46,10.25,scattered clouds
215,Monrovia,LR,6.3005,-10.7969,75.2,94,40,5.91,mist
216,Kolpashevo,RU,58.3131,82.9089,-24.99,84,99,6.91,overcast clouds
217,Yumen,CN,40.2833,97.2,23.88,70,0,22.64,clear sky
218,Giyani,ZA,-23.3025,30.7187,72.57,93,75,1.86,moderate rain
219,Kieta,PG,-6.2167,155.6333,84.51,69,81,15.99,broken clouds
220,Mosquera,CO,4.7059,-74.2302,55.4,58,20,4.61,few clouds
221,Baicheng,CN,45.6167,122.8167,-0.4,88,100,6.17,overcast clouds
222,Guerrero Negro,MX,27.9769,-114.0611,59.72,69,72,13.76,broken clouds
223,Teloloapan,MX,18.35,-99.85,77.0,42,95,3.0,overcast clouds
224,Roros,NO,62.5747,11.3842,14.0,92,75,8.05,light snow
225,Matara,LK,5.9485,80.5353,77.74,83,65,3.67,broken clouds
226,Mahebourg,MU,-20.4081,57.7,78.8,83,20,6.91,few clouds
227,Bathsheba,BB,13.2167,-59.5167,78.8,73,40,21.85,scattered clouds
228,Baykit,RU,61.67,96.37,-34.94,76,0,1.39,clear sky
229,Beidao,CN,34.5686,105.8933,33.01,58,87,3.0,overcast clouds
230,Ilulissat,GL,69.2167,-51.1,6.8,66,90,4.61,overcast clouds
231,Bisho,ZA,-32.8472,27.4422,60.76,97,9,2.89,clear sky
232,Buin,CL,-33.7333,-70.75,71.01,88,75,11.5,broken clouds
233,Rovaniemi,FI,66.5,25.7167,10.4,85,90,8.05,light snow
234,Codrington,AU,-38.2667,141.9667,65.97,57,0,9.89,clear sky
235,Hovd,MN,48.0056,91.6419,6.98,83,30,1.59,scattered clouds
236,Libreville,GA,0.3925,9.4537,75.2,94,75,8.05,light rain
237,Chalus,IR,36.655,51.4204,51.69,52,0,3.98,clear sky
238,Rio Gallegos,AR,-51.6226,-69.2181,53.6,50,0,6.91,clear sky
239,Nuuk,GL,64.1835,-51.7216,17.6,86,20,12.66,few clouds
240,Resistencia,AR,-27.4606,-58.9839,80.51,75,10,2.93,clear sky
241,Aquiraz,BR,-3.9014,-38.3911,80.6,83,20,10.36,few clouds
242,Port Lincoln,AU,-34.7333,135.8667,67.87,60,64,15.21,broken clouds
243,Shitanjing,CN,39.2342,106.3439,24.57,74,0,29.3,clear sky
244,San Patricio,US,28.017,-97.5169,69.8,88,1,17.27,clear sky
245,Cap Malheureux,MU,-19.9842,57.6142,77.0,84,3,3.0,clear sky
246,Chingola,ZM,-12.529,27.8838,61.75,93,93,1.5,overcast clouds
247,Hanover,DE,52.3705,9.7332,25.0,100,5,1.14,mist
248,Lavrentiya,RU,65.5833,-171.0,-15.61,84,46,6.44,scattered clouds
249,Glendive,US,47.1053,-104.7125,19.99,93,1,3.44,clear sky
250,Nabire,ID,-3.3667,135.4833,80.96,78,99,2.68,overcast clouds
251,Kavieng,PG,-2.5744,150.7967,83.32,73,99,14.32,overcast clouds
252,Callaway,US,30.153,-85.5699,59.0,82,90,10.36,overcast clouds
253,Dole,FR,47.0833,5.5,45.0,93,75,6.91,broken clouds
254,Nome,US,64.5011,-165.4064,-5.8,77,1,4.61,clear sky
255,Paramonga,PE,-10.6667,-77.8333,70.48,81,93,6.4,overcast clouds
256,Severo-Kurilsk,RU,50.6789,156.125,25.3,95,100,31.29,light snow
257,Igrim,RU,63.1906,64.4162,-10.91,90,100,1.59,overcast clouds
258,Jiuquan,CN,39.7432,98.5174,21.16,75,0,4.09,clear sky
259,Westport,US,41.1415,-73.3579,23.0,46,1,5.75,clear sky
260,Kruisfontein,ZA,-34.0033,24.7314,57.99,91,0,1.01,clear sky
261,Nangomba,TZ,-10.9,38.5,70.48,96,88,2.93,overcast clouds
262,Sabirabad,AZ,40.0095,48.4752,39.2,96,44,4.32,scattered clouds
263,Poum,NC,-20.2333,164.0167,80.17,67,1,7.58,clear sky
264,Fort Nelson,CA,58.8053,-122.7002,-11.2,77,40,3.44,scattered clouds
265,San Cristobal,VE,7.7669,-72.225,65.12,73,89,1.41,overcast clouds
266,Suclayin,PH,15.7568,121.5503,73.96,68,100,5.28,overcast clouds
267,Nortelandia,BR,-14.4547,-56.8028,74.44,85,100,3.4,overcast clouds
268,Petropavlovsk-Kamchatskiy,RU,53.0452,158.6483,30.2,47,100,17.9,light snow
269,Veraval,IN,20.9,70.3667,64.8,30,0,12.33,clear sky
270,Cidreira,BR,-30.1811,-50.2056,75.79,89,99,9.6,overcast clouds
271,Senador Jose Porfirio,BR,-2.5908,-51.9542,75.07,90,7,5.06,clear sky
272,Pozo Colorado,PY,-23.4923,-58.7972,86.41,58,100,9.46,overcast clouds
273,Aksu,CN,41.1231,80.2644,15.01,86,28,2.55,scattered clouds
274,Waddan,LY,29.1614,16.139,56.19,38,0,5.19,clear sky
275,High Rock,BS,26.6208,-78.2833,62.6,67,75,9.22,broken clouds
276,Tokmak,UA,47.2514,35.7058,40.98,92,100,8.81,overcast clouds
277,Luderitz,NA,-26.6481,15.1594,64.49,65,0,18.01,clear sky
278,Dikson,RU,73.5069,80.5464,-33.99,80,0,6.26,clear sky
279,Seddon,AU,-37.8068,144.8916,71.01,56,75,14.97,broken clouds
280,Luwingu,ZM,-10.2621,29.9271,61.5,90,100,2.73,overcast clouds
281,Haines Junction,CA,60.7522,-137.5108,-11.2,77,95,1.07,overcast clouds
282,Aliwal North,ZA,-30.6937,26.7114,62.28,64,0,2.13,clear sky
283,Hobyo,SO,5.3505,48.5268,75.4,75,66,15.23,broken clouds
284,Koslan,RU,63.4564,48.8989,22.98,98,100,6.64,overcast clouds
285,Aripuana,BR,-9.1667,-60.6333,74.7,98,100,0.85,overcast clouds
286,Sorland,NO,67.667,12.6934,30.22,88,71,8.05,broken clouds
287,Tual,ID,-5.6667,132.75,83.66,75,65,14.9,broken clouds
288,Bambanglipuro,ID,-7.95,110.2833,83.19,70,100,2.26,overcast clouds
289,Bam,IR,29.106,58.357,55.18,47,0,8.34,clear sky
290,Mago,RU,53.2514,140.1822,-2.24,90,100,8.1,overcast clouds
291,Lagoa,PT,39.05,-27.9833,61.84,95,98,24.63,overcast clouds
292,Benghazi,LY,32.1167,20.0667,61.95,77,0,11.68,clear sky
293,Parintins,BR,-2.6283,-56.7358,74.82,93,49,3.51,scattered clouds
294,Mana,GF,5.6592,-53.7767,77.61,88,98,13.35,overcast clouds
295,Saryg-Sep,RU,51.5,95.6,-10.89,84,1,2.26,clear sky
296,Souillac,MU,-20.5167,57.5167,78.8,83,20,6.91,few clouds
297,Tiznit,MA,29.5833,-9.5,56.32,82,93,1.45,overcast clouds
298,Pinawa,CA,50.1489,-95.8811,21.36,98,100,1.86,overcast clouds
299,Waingapu,ID,-9.6567,120.2641,83.05,74,100,16.84,light rain
300,Ogaminana,NG,7.5946,6.2248,73.33,70,0,3.71,clear sky
301,Zhengjiatun,CN,43.5064,123.5064,8.11,89,95,5.08,overcast clouds
302,Tautira,PF,-17.7333,-149.15,80.6,74,75,19.57,light rain
303,Jacmel,HT,18.2342,-72.5347,77.0,65,65,6.91,broken clouds
304,Parrita,CR,9.5201,-84.3225,69.8,73,20,17.27,few clouds
305,Upington,ZA,-28.4478,21.2561,64.4,34,0,4.61,clear sky
306,Waipawa,NZ,-41.4122,175.5153,69.01,72,0,12.66,clear sky
307,Petit Goave,HT,18.4314,-72.8669,77.0,65,36,6.91,scattered clouds
308,Nanortalik,GL,60.1432,-45.2371,28.74,90,100,10.87,overcast clouds
309,Huesca,ES,42.1362,-0.4087,45.0,81,75,11.5,broken clouds
310,Jalu,LY,29.0331,21.5482,58.23,45,0,11.07,clear sky
311,Hervey Bay,AU,-25.2986,152.8535,86.0,45,40,14.97,scattered clouds
312,Cherskiy,RU,68.75,161.3,-35.16,83,0,1.19,clear sky
313,Victoria Point,AU,-27.5833,153.3,86.0,68,7,4.0,clear sky
314,Kudat,MY,6.8837,116.8477,82.4,74,20,13.8,few clouds
315,Vicuna,CL,-30.0319,-70.7081,64.4,94,90,3.44,overcast clouds
316,Kurchum,KZ,48.5722,83.6542,-6.5,91,55,1.05,broken clouds
317,Ipora,BR,-16.4419,-51.1178,71.42,84,99,1.68,overcast clouds
318,Port Hedland,AU,-20.3167,118.5667,93.2,49,90,11.5,overcast clouds
319,Bandarbeyla,SO,9.4942,50.8122,73.6,72,99,15.84,overcast clouds
320,Emirdag,TR,39.0197,31.15,36.63,91,92,6.71,overcast clouds
321,Waitati,NZ,-45.75,170.5667,59.0,78,100,25.99,overcast clouds
322,Maarianhamina,AX,60.0973,19.9348,26.6,100,90,9.22,light snow
323,San Luis,AR,-33.295,-66.3356,62.53,73,0,19.53,clear sky
324,Victoria,HK,22.2855,114.1577,70.0,40,0,12.66,clear sky
325,Zelenoborskiy,RU,66.845,32.3622,10.0,96,100,3.51,overcast clouds
326,Kalmunai,LK,7.4167,81.8167,77.31,85,100,5.19,light rain
327,Ewa Beach,US,21.3156,-158.0072,82.4,47,40,5.75,scattered clouds
328,Beyneu,KZ,45.3167,55.2,33.78,92,100,12.44,overcast clouds
329,Alyangula,AU,-13.8483,136.4192,87.8,70,40,9.22,scattered clouds
330,Amarpur,IN,25.0333,86.9,48.49,56,0,3.38,clear sky
331,Payakumbuh,ID,-0.2202,100.6308,74.34,79,100,2.28,overcast clouds
332,Puerto Quijarro,BO,-17.7833,-57.7667,79.75,69,89,4.05,overcast clouds
333,Inta,RU,66.0317,60.1659,-2.56,88,100,8.59,overcast clouds
334,Danshui,CN,22.7984,114.4672,70.0,59,0,5.55,clear sky
335,Skjervoy,NO,70.0311,20.9714,28.13,88,100,5.03,overcast clouds
336,Riberalta,BO,-10.9833,-66.1,75.76,91,100,1.32,light rain
337,Muros,ES,42.7762,-9.0603,55.99,90,100,5.99,overcast clouds
338,Airai,TL,-8.9266,125.4092,63.77,100,100,5.79,overcast clouds
339,Tecoanapa,MX,16.5167,-98.75,76.91,80,75,3.29,broken clouds
340,Pelym,RU,61.0108,61.9978,-5.89,91,100,3.04,overcast clouds
341,Adrar,MR,20.5022,-10.0711,64.58,26,55,6.87,broken clouds
342,Marzuq,YE,14.4,46.4667,56.79,57,0,2.98,clear sky
343,Petropavl,KZ,54.8753,69.1628,12.79,94,100,8.16,overcast clouds
344,Atar,MR,20.5169,-13.0499,66.7,23,50,8.79,scattered clouds
345,Usinsk,RU,65.9939,57.5281,-1.55,93,100,10.51,overcast clouds
346,Iquique,CL,-20.2208,-70.1431,69.8,68,0,8.05,clear sky
347,Isangel,VU,-19.55,169.2667,84.2,74,75,11.5,broken clouds
348,Grand Baie,MU,-20.0182,57.5802,77.0,84,2,3.0,clear sky
349,Luzhou,CN,28.8724,105.4405,51.75,73,100,1.54,overcast clouds
350,Senneterre,CA,48.3835,-77.2328,-9.4,84,40,2.3,scattered clouds
351,Ta Khmau,KH,11.4833,104.95,78.8,61,20,10.36,few clouds
352,Muncar,ID,-8.4333,114.3333,84.61,68,53,0.76,broken clouds
353,Pallapatti,IN,11.6593,78.1342,73.4,78,40,3.58,mist
354,Vanderhoof,CA,54.0166,-124.0198,16.83,96,99,1.59,overcast clouds
355,Boddam,GB,57.4667,-1.7833,32.0,86,90,3.44,overcast clouds
356,Alekseyevsk,RU,57.8406,108.3492,-36.17,79,100,2.26,overcast clouds
357,Qaqortoq,GL,60.7167,-46.0333,39.2,30,75,28.77,broken clouds
358,Alta Floresta,BR,-9.8756,-56.0861,71.83,96,92,1.9,light rain
359,Kortkeros,RU,61.8106,51.5806,26.6,93,75,11.18,light snow
360,Komsomolskiy,UZ,40.4272,71.7189,32.0,51,100,11.5,overcast clouds
361,Honiara,SB,-9.4333,159.95,82.44,81,100,8.88,heavy intensity rain
362,Panaba,MX,21.2833,-88.2667,68.88,82,100,8.5,overcast clouds
363,Mikuni,JP,36.2171,136.1519,42.8,75,40,8.05,scattered clouds
364,Port Blair,IN,11.6667,92.75,81.86,71,28,9.66,scattered clouds
365,Dunedin,NZ,-45.8742,170.5036,59.0,78,100,25.99,overcast clouds
366,Sabla,NG,12.7525,4.7077,66.16,23,29,11.12,scattered clouds
367,Methala,IN,10.2166,76.2166,75.2,94,20,2.77,mist
368,Labuan,MY,5.2767,115.2417,84.2,74,20,3.44,few clouds
369,Olafsvik,IS,64.8945,-23.7142,23.05,89,23,16.51,few clouds
370,Karagaylinskiy,RU,54.172,86.5521,-14.04,88,59,2.19,broken clouds
371,Lazaro Cardenas,MX,17.9583,-102.2,75.97,81,7,1.28,clear sky
372,Broken Hill,AU,-31.95,141.4333,84.2,28,62,14.97,broken clouds
373,Mgandu,TZ,-5.95,34.1333,57.83,96,8,3.69,clear sky
374,Rocha,UY,-34.4833,-54.3333,65.5,89,100,19.24,overcast clouds
375,Turukhansk,RU,65.8167,87.9833,-31.94,76,16,5.66,few clouds
376,Port Hardy,CA,50.6996,-127.4199,44.6,81,90,10.36,light rain
377,Shakiso,ET,5.75,38.9167,49.98,47,69,4.18,broken clouds
378,Biltine,TD,14.5333,20.9167,67.17,23,16,13.69,few clouds
379,Palm Coast,US,29.585,-81.2078,59.0,93,1,3.44,clear sky
380,Hamilton,US,39.1834,-84.5333,33.01,93,90,9.22,snow
381,Sinnamary,GF,5.3833,-52.95,77.99,85,100,14.47,overcast clouds
382,Camocim,BR,-2.9022,-40.8411,78.78,82,100,12.19,overcast clouds
383,Vanavara,RU,60.34,102.2797,-37.03,80,27,2.93,scattered clouds
384,Carnarvon,AU,-24.8667,113.6333,91.4,58,2,4.61,clear sky
385,Suntar,RU,62.1444,117.6319,-32.85,81,100,2.3,overcast clouds
386,Nishihara,JP,26.1842,127.7558,68.0,34,20,14.97,few clouds
387,Igarka,RU,67.4667,86.5833,-33.83,78,11,9.53,few clouds
388,Neuquen,AR,-38.9516,-68.0591,64.4,63,40,6.91,scattered clouds
389,Miranda,CO,3.2499,-76.2281,77.0,65,0,8.05,clear sky
390,Kralendijk,BQ,12.15,-68.2667,78.8,78,40,13.8,scattered clouds
391,Husavik,IS,66.0449,-17.3389,14.0,79,90,4.61,overcast clouds
392,Teya,RU,60.3778,92.6267,-33.65,78,0,0.98,clear sky
393,Marsh Harbour,BS,26.5412,-77.0636,67.03,61,100,13.65,overcast clouds
394,Hay River,CA,60.8156,-115.7999,-14.8,76,36,2.3,scattered clouds
395,Plouzane,FR,48.3833,-4.6167,48.2,100,90,8.05,overcast clouds
396,Raudeberg,NO,61.9875,5.1352,32.0,100,75,5.75,snow
397,Padang,ID,-0.9492,100.3543,82.78,66,69,3.56,broken clouds
398,Gogrial,SS,8.5332,28.1004,67.06,24,0,5.17,clear sky
399,Ulaangom,MN,49.9811,92.0667,-3.42,86,0,1.16,clear sky
400,Norsup,VU,-16.0667,167.3833,84.36,64,94,11.41,overcast clouds
401,Santarem,BR,-2.4431,-54.7083,78.8,89,0,2.3,clear sky
402,Smoky Lake,CA,54.1169,-112.4686,3.2,85,50,5.75,scattered clouds
403,Dukat,RU,62.55,155.55,-33.36,82,100,8.86,light snow
404,Shelburne,CA,44.0787,-80.2041,10.99,83,94,5.21,overcast clouds
405,Siteki,SZ,-26.45,31.95,66.49,100,51,3.29,broken clouds
406,Pringsewu,ID,-5.3582,104.9744,80.8,79,77,4.29,broken clouds
407,Liverpool,GB,53.4106,-2.9779,33.01,86,100,9.22,overcast clouds
408,Avera,US,33.194,-82.5271,46.4,66,40,5.75,scattered clouds
409,Denpasar,ID,-8.65,115.2167,82.4,83,40,13.8,scattered clouds
410,Amahai,ID,-3.3333,128.9167,86.49,62,86,4.59,overcast clouds
411,Kot Kapura,IN,30.5833,74.9,49.82,46,0,1.14,clear sky
412,Lasa,IT,46.6166,10.7002,36.0,100,90,3.44,light snow
413,Brae,GB,60.3964,-1.353,33.8,93,90,2.3,overcast clouds
414,Kahului,US,20.8947,-156.47,78.8,57,40,17.27,scattered clouds
415,Bollnas,SE,61.3482,16.3946,10.0,83,22,4.0,few clouds
416,Labuhan,ID,-6.8844,112.2051,83.39,76,84,8.37,broken clouds
417,Lanzhou,CN,36.0564,103.7922,30.0,49,36,2.91,scattered clouds
418,Nefteyugansk,RU,61.0998,72.6035,-7.6,77,75,13.42,light snow
419,Krasnovishersk,RU,60.4078,57.082,18.1,96,100,7.0,overcast clouds
420,Rawlins,US,41.7911,-107.2387,24.8,63,1,13.8,clear sky
421,Caruray,PH,10.3094,119.0128,86.0,62,20,20.71,few clouds
422,Comodoro Rivadavia,AR,-45.8667,-67.5,57.2,62,0,4.61,clear sky
423,Kichera,RU,55.9375,110.0997,-12.46,75,59,2.8,broken clouds
424,Deputatskiy,RU,69.3,139.9,-24.59,89,100,1.99,overcast clouds
425,Luena,AO,-11.7833,19.9167,62.8,95,99,4.18,overcast clouds
426,Ust-Nera,RU,64.5667,143.2,-25.29,75,91,8.28,overcast clouds
427,Dangriga,BZ,16.9692,-88.2321,77.0,78,20,3.44,few clouds
428,Nuevitas,CU,21.5453,-77.2644,64.4,82,20,6.91,few clouds
429,Sorata,BO,-15.7667,-68.6333,45.18,83,100,2.75,overcast clouds
430,Ihosy,MG,-22.4,46.1167,69.31,89,78,4.7,broken clouds
431,Panjab,AF,34.388,67.0233,20.35,92,100,4.52,light snow
432,Mombetsu,JP,44.3525,143.3525,23.0,80,75,2.3,light snow
433,Nexo,DK,55.0607,15.1306,35.6,80,90,14.97,overcast clouds
434,Rorvik,NO,64.8621,11.2373,29.16,96,24,12.35,light snow
435,Takaka,NZ,-40.85,172.8,64.0,76,15,5.01,few clouds
436,Kuznechnoye,RU,61.12,29.8686,25.0,98,99,3.33,snow
437,Mecca,SA,21.4267,39.8261,65.44,42,0,5.08,clear sky
438,Inyonga,TZ,-6.7167,32.0667,62.56,96,90,2.15,overcast clouds
439,General Roca,AR,-39.0333,-67.5833,64.4,63,40,6.91,scattered clouds
440,Vlagtwedde,NL,53.0275,7.1083,25.0,94,6,1.01,clear sky
441,Fukue,JP,32.6881,128.8419,55.4,58,40,4.61,scattered clouds
442,Dutse,NG,11.7594,9.3392,61.25,31,0,5.66,clear sky
443,Kamariotissa,GR,40.4833,25.4667,41.0,100,0,13.29,clear sky
444,Kampot,KH,10.6167,104.1833,78.8,69,40,4.61,scattered clouds
445,Chachapoyas,PE,-6.2317,-77.869,54.41,89,93,2.21,overcast clouds
446,Weiser,US,44.251,-116.9693,42.8,61,1,4.61,clear sky
447,Kokopo,PG,-4.352,152.2633,82.51,71,100,11.83,overcast clouds
448,Cockburn Town,TC,21.4612,-71.1419,73.24,70,0,21.56,clear sky
449,Diamantino,BR,-14.4086,-56.4461,73.09,87,97,4.12,overcast clouds
450,Daru,PG,-9.0763,143.2092,85.03,66,100,12.33,overcast clouds
451,Sept-Iles,CA,50.2001,-66.3821,19.4,68,77,10.36,broken clouds
452,Kaitong,CN,44.8135,123.15,3.42,90,100,5.77,snow
453,Mayo,US,38.8876,-76.5119,30.99,64,1,3.13,clear sky
454,Hofn,IS,64.2539,-15.2082,24.06,83,0,14.5,clear sky
455,Techiman,GH,7.5862,-1.9414,74.68,69,88,2.75,overcast clouds
456,Baruun-Urt,MN,46.6806,113.2792,7.9,95,100,4.47,light snow
457,Bongandanga,CD,1.5,21.05,69.31,96,19,2.33,few clouds
458,Namibe,AO,-15.1961,12.1522,72.79,75,97,5.08,overcast clouds
459,Alihe,CN,50.5667,123.7167,-10.93,82,100,0.22,overcast clouds
460,Kutum,SD,14.2,24.6667,50.86,40,0,4.65,clear sky
461,Gat,IL,31.61,34.7642,55.0,58,0,1.01,clear sky
462,Ponta Delgada,PT,37.7333,-25.6667,63.0,88,75,14.97,broken clouds
463,San Juan,AR,-31.5375,-68.5364,73.71,40,56,8.55,broken clouds
464,Samarai,PG,-10.6167,150.6667,85.87,72,100,15.99,overcast clouds
465,Verkhniye Tatyshly,RU,56.2912,55.8575,20.37,98,100,9.53,overcast clouds
466,Coahuayana,MX,18.7333,-103.6833,73.17,89,0,1.32,clear sky
467,Port Hueneme,US,34.1478,-119.1951,55.4,82,1,10.36,clear sky
468,Aasiaat,GL,68.7098,-52.8699,-1.07,88,97,5.93,overcast clouds
469,Cabo San Lucas,MX,22.8909,-109.9124,66.2,82,20,3.44,few clouds
470,Henties Bay,NA,-22.116,14.2845,66.99,84,50,4.0,scattered clouds
471,Rockport,US,28.0206,-97.0544,69.8,94,1,10.36,mist
472,Pleasanton,US,37.6624,-121.8747,55.0,66,90,3.44,overcast clouds
473,Umm Lajj,SA,25.0213,37.2685,63.66,51,0,10.31,clear sky
474,Rosarito,MX,32.3333,-117.0333,54.0,76,40,6.91,scattered clouds
475,Quatre Cocos,MU,-20.2078,57.7625,78.8,83,20,6.91,few clouds
476,Hami,CN,42.8,93.45,26.47,80,0,6.51,clear sky
477,Guarapari,BR,-20.6667,-40.4975,78.8,78,40,6.91,scattered clouds
478,Grindavik,IS,63.8424,-22.4338,19.4,73,0,2.3,clear sky
479,Hegang,CN,47.4,130.3667,-4.76,81,0,3.44,clear sky
480,Ornskoldsvik,SE,63.2909,18.7153,12.2,92,90,8.05,light snow
481,Empangeni,ZA,-28.762,31.8933,71.94,98,100,1.52,light rain
482,Hudiksvall,SE,61.729,17.1036,6.76,92,93,6.24,overcast clouds
483,Miandoab,IR,36.9694,46.1027,28.58,92,18,9.19,few clouds
484,Port Macquarie,AU,-31.4333,152.9167,82.4,74,21,10.18,few clouds
485,Bykovo,RU,55.6361,38.0803,26.01,93,75,6.71,snow
486,Ulaanbaatar,MN,47.9077,106.8832,3.2,66,40,11.18,scattered clouds
487,Mansa,IN,29.9833,75.3833,51.19,45,0,0.72,clear sky
488,Adelanto,US,34.5828,-117.4092,50.0,61,0,1.01,clear sky
489,Paita,PE,-5.0892,-81.1144,76.26,71,43,14.7,scattered clouds
490,Cortez,US,37.3489,-108.5859,28.4,74,1,6.38,clear sky
491,Puerto Escondido,MX,15.85,-97.0667,76.53,63,3,3.04,clear sky
492,Carson City,US,39.1638,-119.7674,32.0,59,1,1.54,clear sky
493,Loding,NO,67.3,14.75,18.0,62,0,13.8,clear sky
494,Taoudenni,ML,22.6783,-3.9836,63.28,27,1,4.9,clear sky
495,Vila Franca Do Campo,PT,37.7167,-25.4333,63.0,88,75,14.97,broken clouds
496,Srednekolymsk,RU,67.45,153.6833,-33.29,84,100,5.32,overcast clouds
497,Bursa,TR,40.1667,29.0833,35.6,100,75,2.3,broken clouds
498,Magaria,NE,12.9983,8.9099,63.36,27,0,9.33,clear sky
499,Egvekinot,RU,66.3167,-179.1667,-19.86,85,100,11.7,overcast clouds
500,Buraydah,SA,26.326,43.975,42.8,81,0,7.2,clear sky
501,Boguchany,RU,58.3814,97.4531,-37.98,77,18,0.94,few clouds
502,Sainte-Rose,GP,16.3324,-61.6979,77.0,73,75,10.36,broken clouds
503,Burnie,AU,-41.0667,145.9167,62.73,77,82,8.88,broken clouds
504,Yenagoa,NG,4.9247,6.2642,77.32,89,0,2.8,clear sky
505,Pisco,PE,-13.7,-76.2167,69.8,73,0,14.97,clear sky
506,Kazanskaya,RU,45.4106,40.4361,36.03,84,100,4.83,moderate rain
507,Bosaso,SO,11.2842,49.1816,70.12,75,31,4.38,scattered clouds
508,Ecclefechan,GB,55.0593,-3.2665,34.0,100,75,4.61,broken clouds
509,Goderich,CA,43.7501,-81.7165,10.4,85,100,6.91,overcast clouds
510,Okmulgee,US,35.6234,-95.9605,53.6,76,75,10.36,broken clouds
511,Lysyye Gory,RU,51.5506,44.8414,27.5,97,91,11.83,overcast clouds
512,Jardim,BR,-21.4803,-56.1381,76.78,82,4,7.16,clear sky
513,Ukiah,US,39.1502,-123.2078,53.6,54,40,9.22,scattered clouds
514,Dunmore Town,BS,25.5,-76.65,69.35,63,100,15.48,overcast clouds
515,Mezen,RU,65.8522,44.24,14.56,97,100,6.26,overcast clouds
516,Uhlove,UA,44.8215,33.6045,46.99,80,100,1.99,overcast clouds
517,Kayankulam,IN,9.1833,76.5,78.33,74,71,5.19,broken clouds
518,Kavaratti,IN,10.5669,72.642,80.85,73,3,11.27,clear sky
519,Zajecar,RS,43.9036,22.2641,44.01,5,100,7.05,overcast clouds
520,Antalaha,MG,-14.9003,50.2788,75.56,87,0,4.47,clear sky
521,Osoyoos,CA,49.0331,-119.4524,35.6,93,100,4.61,overcast clouds
522,Brownsville,US,25.9018,-97.4975,72.0,83,40,14.97,scattered clouds
523,Hualahuises,MX,24.8847,-99.6733,68.27,59,0,3.24,clear sky
524,Sierra Vista,US,31.5545,-110.3037,45.0,45,1,4.09,clear sky
525,North Bend,US,43.4065,-124.2243,48.2,100,90,7.31,overcast clouds
526,Caravelas,BR,-17.7125,-39.2481,75.02,87,0,4.81,clear sky
527,Halol,IN,22.5,73.4667,57.2,67,0,5.75,haze
528,Santana,BR,-0.0583,-51.1817,80.6,89,75,4.61,broken clouds
529,Acapulco,MX,16.8634,-99.8901,80.6,83,20,2.3,few clouds
530,Orotukan,RU,62.2667,151.7,-28.8,81,100,6.04,overcast clouds
531,Flandes,CO,4.2941,-74.819,78.22,59,12,2.42,few clouds
532,Port Augusta,AU,-32.5,137.7667,71.6,60,100,16.11,overcast clouds
533,Hvide Sande,DK,56.0045,8.1294,30.99,83,0,20.69,clear sky
534,Zalantun,CN,48.0,122.7167,-7.74,85,100,2.84,overcast clouds
535,Willowmore,ZA,-33.2926,23.4895,60.01,79,0,1.97,clear sky
536,Kalianget,ID,-7.05,113.9333,83.71,76,69,12.3,broken clouds
537,Lerwick,GB,60.1545,-1.1494,33.8,93,90,2.3,overcast clouds
538,Hastings,GB,50.8552,0.5729,39.0,81,77,7.0,broken clouds
539,Shiraz,IR,29.6036,52.5388,37.89,73,0,1.9,clear sky
540,Huarmey,PE,-10.0681,-78.1522,71.2,77,67,6.51,broken clouds
541,Shingu,JP,33.7333,135.9833,51.8,50,40,10.36,scattered clouds
542,Masuguru,TZ,-11.3667,38.4167,71.13,96,98,1.86,overcast clouds
543,Norman Wells,CA,65.282,-126.8329,-27.4,75,75,2.3,broken clouds
544,Mackay,AU,-21.15,149.2,86.0,74,90,16.11,overcast clouds
545,Gaziantep,TR,37.0594,37.3825,41.0,93,90,8.05,light rain
546,Taihe,CN,30.8712,105.3845,54.32,57,100,4.9,overcast clouds
547,Dickinson,US,29.4608,-95.0513,69.8,83,90,11.5,overcast clouds
548,Matagami,CA,49.7502,-77.6328,-2.2,84,90,3.44,overcast clouds
549,Simao,CN,22.7886,100.9748,56.73,92,96,3.33,overcast clouds
550,Hit,IQ,33.6416,42.8251,49.3,59,96,8.9,overcast clouds
551,Gorom-Gorom,BF,14.4439,-0.2361,67.95,21,0,10.07,clear sky
552,Gamba,GA,-2.65,10.0,75.92,91,100,3.18,moderate rain
553,Birao,CF,10.2849,22.7882,68.61,22,9,9.78,clear sky
554,Omboue,GA,-1.5746,9.2618,74.75,88,100,3.11,overcast clouds
555,Kaka,TM,37.3482,59.6143,47.97,52,100,6.17,overcast clouds
556,Juneau,US,58.3019,-134.4197,32.0,80,75,5.23,broken clouds
557,Goundam,ML,16.4145,-3.6708,66.33,23,91,8.95,overcast clouds
558,Tezu,IN,27.9167,96.1667,68.09,26,24,1.54,few clouds
559,Ulladulla,AU,-35.35,150.4667,69.8,83,90,5.75,overcast clouds
560,Sao Joao Da Barra,BR,-21.6403,-41.0511,76.98,81,8,20.54,clear sky
561,Moroni,KM,-11.7022,43.2551,79.95,73,80,6.13,broken clouds
562,Manzhouli,CN,49.6,117.4333,-13.0,87,100,5.88,overcast clouds
563,Camacha,PT,33.0833,-16.3333,57.2,88,0,3.44,clear sky
564,Pochutla,MX,15.7432,-96.4661,70.34,80,3,1.72,clear sky
565,Takoradi,GH,4.8845,-1.7554,78.66,90,76,8.05,broken clouds
566,Popondetta,PG,-8.7537,148.2534,81.95,89,100,0.74,moderate rain
567,Tuatapere,NZ,-46.1333,167.6833,66.47,49,100,2.84,light rain
568,Placido De Castro,BR,-10.3353,-67.1856,74.89,92,100,1.16,overcast clouds
569,Megion,RU,61.0296,76.1136,-18.4,69,75,15.66,snow
570,Le Port,RE,-20.9373,55.2919,78.8,69,0,13.8,clear sky
571,Whitefish,US,48.4111,-114.3376,35.6,69,90,4.61,overcast clouds
572,Yacuiba,BO,-22.038,-63.6797,73.35,88,100,4.38,overcast clouds
573,San Andres,CO,12.5847,-81.7006,80.6,74,20,16.11,few clouds
574,Porbandar,IN,21.6422,69.6093,53.6,66,0,6.91,smoke
575,Kumluca,TR,36.3703,30.2869,52.34,54,0,6.42,clear sky
576,Rebrikha,RU,53.0733,82.3408,0.75,94,100,7.76,overcast clouds
577,Inuvik,CA,68.3499,-133.7218,-27.4,75,100,1.14,overcast clouds
578,Miles City,US,46.4083,-105.8406,26.6,100,1,3.44,clear sky
579,High Level,CA,58.5169,-117.136,-5.8,92,40,3.49,scattered clouds
580,Beloha,MG,-25.1667,45.05,74.73,82,0,4.21,clear sky
581,Mathathane,BW,-22.2687,28.7495,75.06,78,96,10.42,light rain
582,Sao Raimundo Nonato,BR,-9.0153,-42.6994,68.79,91,87,2.17,light rain
583,Hualmay,PE,-11.0964,-77.6139,70.83,78,85,7.94,overcast clouds
584,Kazachka,RU,53.3644,38.0694,34.23,99,100,17.92,snow
585,Delta Del Tigre,UY,-34.7633,-56.3853,66.2,68,90,20.71,light rain
586,Flinders,AU,-34.5833,150.8552,69.01,95,98,1.01,overcast clouds
587,Port Maria,JM,18.3685,-76.8895,78.01,84,70,11.99,broken clouds
588,Santa Isabel Do Rio Negro,BR,-0.4139,-65.0192,75.7,87,83,2.68,broken clouds
589,Tambilil,PH,5.9622,124.6697,84.2,58,75,12.66,broken clouds
590,Kitimat,CA,54.0524,-128.6534,27.0,81,98,5.14,overcast clouds
591,Tateyama,JP,34.9833,139.8667,52.0,54,20,8.05,few clouds
592,Mastic Beach,US,40.7668,-72.8521,23.0,57,1,11.81,clear sky
593,Saint-Louis,SN,16.3333,-15.0,72.73,18,100,9.89,overcast clouds
594,Faanui,PF,-16.4833,-151.75,82.09,68,68,7.29,broken clouds
595,Shizilu,CN,35.1711,118.8289,50.0,71,1,1.01,clear sky
596,Belaya Gora,RU,68.5333,146.4167,-29.25,85,100,2.33,overcast clouds
597,Brigantine,US,39.4101,-74.3646,28.99,63,1,3.44,clear sky
598,Katangli,RU,51.7102,143.2326,0.7,88,100,12.91,overcast clouds
599,Yate,GB,51.5407,-2.4184,35.01,87,73,1.99,broken clouds
600,Itanhaem,BR,-24.1831,-46.7889,75.99,73,0,3.44,clear sky
601,Sungaipenuh,ID,-2.0833,101.3833,70.05,81,100,0.83,overcast clouds
602,Yerbogachen,RU,61.2767,108.0108,-35.91,82,72,5.61,broken clouds
603,Gazojak,TM,41.1875,61.4036,40.12,64,84,9.66,broken clouds
604,Beirut,LB,33.8889,35.4944,59.0,63,75,27.63,broken clouds
605,Tharad,IN,24.3961,71.6267,59.36,30,0,5.61,clear sky
606,Sioux Lookout,CA,50.1001,-91.917,21.2,93,90,8.05,light snow
607,San Calixto,CO,8.4021,-73.2074,58.55,100,89,3.8,overcast clouds
608,Lincoln,US,40.8,-96.667,32.0,80,90,28.77,haze
609,Asau,RO,46.4333,26.4,37.0,86,90,17.27,light snow
610,Accra,GH,5.556,-0.1969,82.4,89,20,6.91,few clouds
611,Awjilah,LY,29.1081,21.2869,57.96,46,0,11.18,clear sky
612,Aioi,JP,34.8036,134.4681,48.2,49,40,9.22,scattered clouds
613,Buala,SB,-8.145,159.5921,85.86,69,85,15.68,overcast clouds
614,Rio Grande,BR,-32.035,-52.0986,68.0,98,99,9.78,moderate rain
615,Lubango,AO,-14.9172,13.4925,61.2,88,100,2.35,overcast clouds
616,Conceicao Do Araguaia,BR,-8.2578,-49.2647,73.56,92,100,3.04,overcast clouds
617,Jabinyanah,TN,35.035,10.9081,64.4,42,0,3.44,clear sky
618,Dosso,NE,13.049,3.1937,67.12,22,38,9.46,scattered clouds
619,Malinyi,TZ,-8.9333,36.1333,71.06,91,98,1.1,overcast clouds
620,Pandan,PH,14.0453,124.1694,76.35,80,100,18.39,overcast clouds
621,Rio Cuarto,AR,-33.1307,-64.3499,59.0,97,81,5.01,broken clouds
622,Itarema,BR,-2.9248,-39.9167,78.6,84,100,10.36,light rain
623,Dergachi,RU,51.2328,48.7659,18.12,95,18,10.33,few clouds
624,Boyolangu,ID,-8.1181,111.8935,85.28,65,68,0.76,broken clouds
625,Ercis,TR,39.0287,43.3586,28.4,69,75,1.14,light snow
626,Valleyview,CA,55.0667,-117.2859,15.8,73,0,3.44,clear sky
627,Kathmandu,NP,27.7167,85.3167,41.0,87,20,2.3,mist
628,Camabatela,AO,-8.1881,15.375,63.37,100,100,4.07,overcast clouds
629,Mount Gambier,AU,-37.8333,140.7667,71.6,46,40,6.91,scattered clouds
630,Dhidhdhoo,MV,6.8833,73.1,81.46,65,0,5.84,clear sky
631,Pacatuba,BR,-3.9842,-38.6203,81.0,83,20,10.36,few clouds
632,Turayf,SA,31.6725,38.6637,39.2,75,0,11.5,clear sky
633,Kizukuri,JP,40.8061,140.3861,28.0,79,75,17.27,snow
634,Atocha,BO,-20.9333,-66.2333,54.1,39,3,3.29,clear sky
635,Marawi,PH,7.9986,124.2928,80.01,82,70,8.01,broken clouds
636,Oranjemund,NA,-28.55,16.4333,59.59,92,2,7.81,clear sky
637,Talcahuano,CL,-36.7167,-73.1167,59.0,94,0,4.61,clear sky
638,Lufilufi,WS,-13.8745,-171.5986,84.2,79,75,20.71,light rain
639,Polesovice,CZ,49.0339,17.3406,30.0,81,100,7.18,overcast clouds
640,Suileng,CN,47.25,127.0833,-9.02,87,80,6.8,light snow
641,Dudinka,RU,69.4058,86.1778,-35.66,77,0,7.56,clear sky
642,Himare,AL,40.1017,19.7447,54.0,79,52,5.01,broken clouds
643,Monte Gordo,PT,37.1819,-7.4523,55.4,88,40,11.5,scattered clouds
644,Isla Vista,US,34.4133,-119.861,52.0,76,1,4.61,clear sky
645,Praia,CV,14.9215,-23.5087,73.4,53,0,17.27,clear sky
646,Fevik,NO,58.3794,8.6766,12.2,85,0,4.61,clear sky
647,Dubbo,AU,-32.25,148.6167,93.2,29,75,5.75,broken clouds
648,Sabzevar,IR,36.2126,57.6819,42.44,63,0,7.45,clear sky
649,Batagay-Alyta,RU,67.8006,130.4114,-33.41,80,89,2.24,overcast clouds
650,Chaozhou,CN,23.6651,116.6379,62.6,63,0,4.47,clear sky
651,Malakal,SS,9.5334,31.6605,70.83,25,31,7.07,scattered clouds
652,Calbuco,CL,-41.768,-73.1273,53.6,82,0,4.61,clear sky
653,Tucuman,AR,-26.8241,-65.2226,71.6,94,90,0.83,mist
654,Kizema,RU,61.113,44.8302,17.4,96,100,8.46,overcast clouds
655,Shache,CN,38.4167,77.2406,24.1,84,37,2.28,scattered clouds
656,Kaeo,NZ,-35.1,173.7833,75.0,54,0,8.99,clear sky
657,Perth,AU,-31.9333,115.8333,91.99,27,0,13.8,clear sky
658,Veseloyarsk,RU,51.2836,81.1056,7.29,94,100,7.67,overcast clouds
659,Nizhneangarsk,RU,55.7833,109.55,-14.64,76,52,1.36,broken clouds
660,Larsnes,NO,62.2028,5.5773,32.0,95,100,5.01,light snow
661,Abu Kamal,SY,34.4506,40.9171,50.45,51,100,16.17,overcast clouds
662,Kandrian,PG,-6.2167,149.55,86.04,67,99,19.71,overcast clouds
663,Aseri,EE,59.4506,26.8675,25.93,97,100,8.46,light snow
664,Smithers,CA,54.7804,-127.1743,19.4,86,90,2.3,light snow
665,Sigli,ID,5.3848,95.9609,81.25,69,30,9.75,scattered clouds
666,Araouane,ML,18.9048,-3.5265,64.36,23,26,9.98,scattered clouds
667,Van,TR,38.4924,43.3831,28.4,69,75,1.14,broken clouds
668,Cayenne,GF,4.9333,-52.3333,80.6,89,75,10.36,broken clouds
669,Maues,BR,-3.3836,-57.7186,74.86,92,8,1.36,clear sky
670,Peringat,MY,6.0333,102.2833,75.2,94,40,4.61,scattered clouds
671,Kovdor,RU,67.5662,30.4758,5.45,95,100,2.35,overcast clouds
672,Chunoyar,RU,57.4467,97.3217,-37.03,77,15,0.6,few clouds
673,Santa Rosa,PH,14.3122,121.1114,81.0,65,40,6.91,scattered clouds
674,Kamenka,RU,51.3223,42.7678,34.0,94,100,11.01,overcast clouds
675,Znamenskoye,RU,57.1281,73.8282,1.99,93,100,11.12,overcast clouds
676,Fuyu,CN,45.1833,124.8167,0.03,93,100,7.38,light snow
677,Dingle,PH,10.9995,122.6711,80.69,76,94,17.31,overcast clouds
678,Dagua,CO,3.6569,-76.6886,77.0,65,0,8.05,clear sky
679,Makakilo City,US,21.3469,-158.0858,82.4,47,40,5.75,scattered clouds
680,Morondava,MG,-20.2833,44.2833,78.08,86,4,7.96,clear sky
681,Songling,CN,31.1933,120.7176,55.99,74,88,4.94,overcast clouds
682,Yar-Sale,RU,66.8333,70.8333,-16.76,87,100,18.19,overcast clouds
