City_ID,City,Country,Lat,Lng,Max Temp,Humidity,Cloudiness,Wind Speed,Current Description
0,Saint-Denis,FR,48.9167,2.3333,48.99,93,90,4.61,overcast clouds
1,Juneau,US,58.3019,-134.4197,19.99,79,1,7.36,clear sky
2,Tolaga Bay,NZ,-38.3667,178.3,57.99,73,89,4.85,overcast clouds
3,Rikitea,PF,-23.1203,-134.9692,78.57,70,16,9.78,few clouds
4,San Patricio,US,28.017,-97.5169,66.2,52,1,10.36,clear sky
5,Albany,US,42.6001,-73.9662,12.0,57,99,3.62,overcast clouds
6,Nome,US,64.5011,-165.4064,-5.8,65,20,6.91,few clouds
7,Pochutla,MX,15.7432,-96.4661,84.99,57,1,3.87,clear sky
8,Sterling,US,39.0062,-77.4286,32.0,93,90,8.05,light snow
9,Mataura,NZ,-46.1927,168.8643,55.33,70,100,2.26,light rain
10,Saint George,US,37.1041,-113.5841,26.6,100,1,3.78,clear sky
11,Hanzhong,CN,33.0728,107.0303,47.89,49,100,1.3,overcast clouds
12,Butaritari,KI,3.0707,172.7902,80.44,83,59,13.8,light rain
13,Longyearbyen,SJ,78.2186,15.6401,-4.0,41,20,19.57,few clouds
14,Kongolo,CD,-5.3833,27.0,77.97,86,100,3.8,light rain
15,Vaini,TO,-21.2,-175.2,75.2,94,90,8.05,light rain
16,Port Alfred,ZA,-33.5906,26.891,75.99,75,3,3.0,clear sky
17,Wukari,NG,7.85,9.7833,99.34,9,4,6.02,clear sky
18,Hermanus,ZA,-34.4187,19.2345,75.99,68,27,8.99,light rain
19,Saint-Philippe,RE,-21.3585,55.7679,82.4,65,20,25.32,few clouds
20,Kalevala,RU,65.2,31.1667,13.55,96,100,4.29,light snow
21,Basco,PH,20.4487,121.9702,70.97,73,98,23.71,overcast clouds
22,Port Moresby,PG,-9.4431,147.1797,73.4,100,90,9.22,moderate rain
23,Cherskiy,RU,68.75,161.3,-22.79,81,100,3.56,overcast clouds
24,Xuanwu,CN,32.069,118.8138,46.99,100,100,2.24,mist
25,Berlevag,NO,70.8578,29.0864,24.8,93,90,19.57,snow
26,Hongjiang,CN,27.11,109.9956,48.99,88,77,3.02,light rain
27,Tautira,PF,-17.7333,-149.15,75.2,73,40,3.44,scattered clouds
28,Ribeira Grande,PT,38.5167,-28.7,64.4,94,75,12.66,broken clouds
29,Kibray,UZ,41.3873,69.4641,50.0,57,75,4.61,smoke
30,Katsuura,JP,35.1333,140.3,44.01,48,75,8.05,broken clouds
31,Margate,GB,51.3813,1.3862,37.99,86,100,4.0,overcast clouds
32,Ushuaia,AR,-54.8,-68.3,51.8,58,75,5.75,broken clouds
33,Mar Del Plata,AR,-38.0023,-57.5575,62.6,67,90,17.27,overcast clouds
34,Nyurba,RU,63.2842,118.3319,-48.14,76,55,2.95,broken clouds
35,Bluff,NZ,-46.6,168.3333,54.79,85,100,7.27,overcast clouds
36,New Norfolk,AU,-42.7826,147.0587,59.0,63,64,2.46,broken clouds
37,Chuy,UY,-33.6971,-53.4616,68.56,88,100,18.1,overcast clouds
38,Kodiak,US,57.79,-152.4072,28.4,46,1,12.66,clear sky
39,Busselton,AU,-33.65,115.3333,64.99,81,0,3.0,clear sky
40,Ukiah,US,39.1502,-123.2078,46.4,87,90,8.05,mist
41,Sao Filipe,CV,14.8961,-24.4956,76.77,57,6,10.71,clear sky
42,Totness,SR,5.8833,-56.3167,81.59,70,48,14.9,scattered clouds
43,Gaziantep,TR,37.0594,37.3825,41.0,93,90,13.8,overcast clouds
44,Cidreira,BR,-30.1811,-50.2056,82.65,68,99,6.91,light rain
45,Namatanai,PG,-3.6667,152.4333,80.37,73,100,3.74,overcast clouds
46,Gizo,SB,-8.103,156.8419,84.09,74,100,20.65,overcast clouds
47,Iqaluit,CA,63.7506,-68.5145,-11.2,70,75,5.5,broken clouds
48,Kaitangata,NZ,-46.2817,169.8464,55.36,81,100,0.58,moderate rain
49,Garwa,IN,24.1833,83.8167,52.16,44,0,2.13,clear sky
50,Palasa,IN,18.7667,84.4167,69.39,83,87,4.94,overcast clouds
51,Atuona,PF,-9.8,-139.0333,78.33,76,37,16.64,scattered clouds
52,Hilo,US,19.7297,-155.09,68.0,88,90,6.91,moderate rain
53,Bengkulu,ID,-3.8004,102.2655,76.48,86,100,4.97,overcast clouds
54,Vardo,NO,70.3705,31.1107,26.6,93,75,8.05,light snow
55,Hami,CN,42.8,93.45,25.9,79,0,6.29,clear sky
56,Naze,JP,28.3667,129.4833,57.7,63,9,9.66,clear sky
57,Bethel,US,41.3712,-73.414,18.0,67,1,5.75,clear sky
58,Punta Arenas,CL,-53.15,-70.9167,57.2,51,0,26.46,clear sky
59,Caravelas,BR,-17.7125,-39.2481,85.66,57,3,10.49,clear sky
60,Mont-Dore,NC,-22.2833,166.5833,78.01,99,99,12.41,overcast clouds
61,Comodoro Rivadavia,AR,-45.8667,-67.5,71.6,46,0,12.66,clear sky
62,Torbay,CA,47.6666,-52.7314,34.0,93,90,16.11,light snow
63,Avera,US,33.194,-82.5271,55.4,94,90,10.36,moderate rain
64,Talaya,RU,61.3833,152.75,-31.72,80,100,7.67,overcast clouds
65,Olinda,BR,-8.0089,-34.8553,82.4,61,75,11.5,light rain
66,Vila Franca Do Campo,PT,37.7167,-25.4333,62.6,94,75,11.5,broken clouds
67,Senador Pompeu,BR,-5.5881,-39.3717,90.68,39,100,6.33,light rain
68,Pangnirtung,CA,66.1451,-65.7125,1.24,87,95,2.48,overcast clouds
69,Pisco,PE,-13.7,-76.2167,77.0,61,0,12.66,clear sky
70,Georgetown,MY,5.4112,100.3354,82.0,74,20,4.61,few clouds
71,Hobart,AU,-42.8794,147.3294,59.0,77,44,6.91,scattered clouds
72,Balkhash,KZ,46.844,74.9804,14.59,93,97,7.81,overcast clouds
73,Victoria,HK,22.2855,114.1577,66.0,77,53,10.36,broken clouds
74,Jamestown,US,42.097,-79.2353,26.01,86,90,6.91,light snow
75,Sitka,US,57.0531,-135.33,33.8,64,75,4.61,broken clouds
76,Hagere Hiywet,ET,8.9833,37.85,66.58,25,45,8.52,scattered clouds
77,Pombal,BR,-6.7703,-37.8017,96.03,27,97,8.21,overcast clouds
78,Carnarvon,AU,-24.8667,113.6333,82.4,74,15,14.97,few clouds
79,Thompson,CA,55.7435,-97.8558,12.2,85,90,2.8,light snow
80,Nizwa,OM,22.9333,57.5333,68.07,29,0,2.93,clear sky
81,Puerto Ayora,EC,-0.7393,-90.3518,82.4,69,0,12.66,clear sky
82,Namibe,AO,-15.1961,12.1522,76.6,68,99,10.16,overcast clouds
83,Tasiilaq,GL,65.6145,-37.6368,17.6,49,75,1.14,broken clouds
84,Sakaiminato,JP,35.55,133.2333,35.6,87,0,3.44,clear sky
85,Bandarbeyla,SO,9.4942,50.8122,75.0,66,0,16.24,clear sky
86,Touros,BR,-5.1989,-35.4608,87.8,58,40,16.11,scattered clouds
87,Gorele,TR,41.0308,39.0031,51.8,71,75,11.5,broken clouds
88,Kapaa,US,22.0752,-159.319,71.6,83,20,16.11,few clouds
89,Lata,PT,40.1629,-8.3327,61.0,94,100,3.0,overcast clouds
90,Saskylakh,RU,71.9167,114.0833,-31.02,84,89,8.05,overcast clouds
91,Mahebourg,MU,-20.4081,57.7,82.4,69,75,9.22,broken clouds
92,Grootfontein,NA,-19.5667,18.1167,77.45,63,95,6.82,moderate rain
93,San Blas,MX,21.5167,-105.2667,46.4,100,1,3.27,clear sky
94,Isangel,VU,-19.55,169.2667,75.2,100,75,14.23,broken clouds
95,Teya,RU,60.3778,92.6267,-26.63,81,79,1.7,broken clouds
96,Te Anau,NZ,-45.4167,167.7167,51.49,85,94,2.33,moderate rain
97,Haines Junction,CA,60.7522,-137.5108,-16.6,76,88,1.14,overcast clouds
98,Pitea,SE,65.3172,21.4794,14.0,92,75,6.91,light snow
99,Soyo,AO,-6.1349,12.3689,87.8,70,40,5.75,scattered clouds
100,Kamloops,CA,50.6665,-120.3192,35.6,80,75,10.36,broken clouds
101,Bathsheba,BB,13.2167,-59.5167,84.2,58,40,24.16,scattered clouds
102,Tuktoyaktuk,CA,69.4541,-133.0374,-32.8,68,75,1.34,broken clouds
103,Klaksvik,FO,62.2266,-6.589,30.2,69,75,9.22,broken clouds
104,Bilibino,RU,68.0546,166.4372,-15.61,84,100,6.29,overcast clouds
105,Hasaki,JP,35.7333,140.8333,36.0,51,75,8.05,broken clouds
106,Husavik,IS,66.0449,-17.3389,5.0,85,0,4.61,clear sky
107,Panama City,PA,8.9936,-79.5197,86.0,65,20,11.5,few clouds
108,Troitskoye,RU,52.9821,84.6757,7.45,91,79,9.84,broken clouds
109,Valparaiso,CL,-33.0393,-71.6273,68.0,100,75,4.61,broken clouds
110,Okha,RU,53.5739,142.9478,-10.44,81,100,23.82,overcast clouds
111,Bredasdorp,ZA,-34.5322,20.0403,75.99,68,6,8.99,clear sky
112,Fort Nelson,CA,58.8053,-122.7002,-20.2,76,75,3.44,broken clouds
113,Derzhavinsk,KZ,51.1,66.3167,16.74,94,100,7.11,overcast clouds
114,Pimenta Bueno,BR,-11.6725,-61.1936,87.91,61,49,4.83,scattered clouds
115,Guerrero Negro,MX,27.9769,-114.0611,60.26,47,89,2.59,overcast clouds
116,Balaipungut,ID,1.05,101.2833,80.6,78,40,2.73,scattered clouds
117,Souillac,MU,-20.5167,57.5167,82.4,69,75,9.22,broken clouds
118,Pilar,BR,-9.5972,-35.9567,87.8,58,75,6.91,broken clouds
119,Nanortalik,GL,60.1432,-45.2371,33.15,87,100,7.29,overcast clouds
120,Yellowknife,CA,62.456,-114.3525,-11.0,77,75,4.61,broken clouds
121,Kiama,AU,-34.6833,150.8667,66.99,95,100,4.23,overcast clouds
122,Belyy Yar,RU,53.6039,91.3903,-16.6,69,58,0.72,broken clouds
123,Saint Anthony,US,45.0205,-93.218,30.2,93,90,5.75,light snow
124,Bereda,ES,43.2686,-7.5406,57.99,80,82,20.0,broken clouds
125,Fairbanks,US,64.8378,-147.7164,-5.8,84,90,0.25,light snow
126,Smithers,CA,54.7804,-127.1743,19.4,93,90,2.3,light snow
127,Lompoc,US,34.6391,-120.4579,50.0,93,1,5.75,clear sky
128,Yulara,AU,-25.2406,130.9889,91.4,25,90,9.22,overcast clouds
129,Rincon,US,32.296,-81.2354,66.99,59,75,17.27,broken clouds
130,Amarante Do Maranhao,BR,-5.5667,-46.7422,88.07,56,62,7.54,broken clouds
131,Jawhar,SO,2.7809,45.5005,75.22,69,0,19.51,clear sky
132,Mokhotlong,LS,-29.2894,29.0675,65.3,65,77,6.89,moderate rain
133,Mecca,SA,21.4267,39.8261,77.49,41,0,8.12,clear sky
134,Ilulissat,GL,69.2167,-51.1,8.6,61,90,19.57,light snow
135,Barrow,US,71.2906,-156.7887,-16.6,69,90,9.22,overcast clouds
136,Hofn,IS,64.2539,-15.2082,26.6,46,0,9.22,clear sky
137,Hithadhoo,MV,-0.6,73.0833,83.14,76,100,13.35,overcast clouds
138,Miramar,US,25.9873,-80.2323,77.0,53,40,14.97,scattered clouds
139,Dombarovskiy,RU,50.7587,59.5386,11.95,95,33,6.13,scattered clouds
140,Praia,CV,14.9215,-23.5087,84.2,42,0,17.27,clear sky
141,Raudeberg,NO,61.9875,5.1352,30.99,92,100,8.08,light snow
142,Kharhial,IN,20.2833,82.7667,62.13,29,91,2.86,overcast clouds
143,Natal,BR,-5.795,-35.2094,87.8,62,75,20.71,broken clouds
144,Badou,TG,7.5833,0.6,94.69,25,53,4.83,broken clouds
145,Cape Town,ZA,-33.9258,18.4232,77.0,78,75,16.11,light rain
146,Sorkjosen,NO,69.8,20.9333,21.24,91,100,3.91,overcast clouds
147,Tabou,CI,4.423,-7.3528,81.82,81,63,7.87,moderate rain
148,Baruun-Urt,MN,46.6806,113.2792,-10.84,88,99,6.13,overcast clouds
149,Kolyvan,RU,55.3053,82.7391,-9.4,77,0,4.47,clear sky
150,Palu,ID,-0.8917,119.8707,76.05,81,100,1.19,overcast clouds
151,Poum,NC,-20.2333,164.0167,79.02,74,98,15.35,overcast clouds
152,Padang,ID,-0.9492,100.3543,77.99,76,94,4.76,overcast clouds
153,Kolvereid,NO,64.8655,11.6047,15.8,92,75,14.97,broken clouds
154,Saldanha,ZA,-33.0117,17.9442,69.4,77,41,9.69,scattered clouds
155,Hamilton,US,39.1834,-84.5333,37.0,100,90,8.05,mist
156,Monrovia,LR,6.3005,-10.7969,87.8,66,75,11.5,broken clouds
157,Mount Gambier,AU,-37.8333,140.7667,51.8,93,30,4.61,scattered clouds
158,Ugento,IT,39.9263,18.1574,57.2,82,20,8.05,few clouds
159,Grand-Santi,GF,4.25,-54.3833,88.21,53,35,6.17,scattered clouds
160,Shimoda,JP,34.6667,138.95,36.0,71,73,9.82,broken clouds
161,Rotifunk,SL,8.2333,-12.6833,92.25,37,39,8.25,scattered clouds
162,San Juan,AR,-31.5375,-68.5364,67.55,58,94,17.43,overcast clouds
163,Bambous Virieux,MU,-20.3428,57.7575,82.4,69,75,9.22,broken clouds
164,Najran,SA,17.4924,44.1277,69.8,28,0,6.91,clear sky
165,Conceicao Do Araguaia,BR,-8.2578,-49.2647,84.81,70,82,6.55,broken clouds
166,Khatanga,RU,71.9667,102.5,-45.13,78,51,4.25,broken clouds
167,Avarua,CK,-21.2078,-159.775,73.4,100,96,1.14,overcast clouds
168,Ozinki,RU,51.1786,49.6769,24.3,98,100,18.05,overcast clouds
169,Maxixe,MZ,-23.8597,35.3472,87.8,66,20,11.5,few clouds
170,Alyangula,AU,-13.8483,136.4192,84.2,79,76,2.3,broken clouds
171,Zhezkazgan,KZ,47.8043,67.7144,20.86,95,89,6.55,overcast clouds
172,Wanning,CN,18.8003,110.3967,67.51,87,11,4.92,few clouds
173,Arraial Do Cabo,BR,-22.9661,-42.0278,93.2,51,0,23.02,clear sky
174,Tiznit,MA,29.5833,-9.5,70.02,46,0,6.38,clear sky
175,Geraldton,AU,-28.7667,114.6,77.0,69,0,16.11,clear sky
176,Kahului,US,20.8947,-156.47,69.8,83,90,18.41,overcast clouds
177,Havoysund,NO,70.9963,24.6622,26.6,74,75,12.66,light snow
178,Jacqueville,CI,5.2052,-4.4146,87.8,62,20,11.5,few clouds
179,Bosobolo,CD,4.1833,19.9,94.55,26,54,2.04,broken clouds
180,Goksun,TR,38.021,36.4973,48.2,76,75,6.91,broken clouds
181,Conroe,US,30.3119,-95.456,53.01,58,1,14.97,clear sky
182,Provideniya,RU,64.3833,-173.3,-8.34,87,100,22.77,light snow
183,Kununurra,AU,-15.7667,128.7333,78.8,83,40,3.89,scattered clouds
184,San Buenaventura,MX,27.0833,-101.5333,60.8,44,1,6.73,clear sky
185,Hailar,CN,49.2,119.7,-17.48,86,100,10.65,overcast clouds
186,Nikolskoye,RU,59.7035,30.7861,24.8,93,75,6.71,light snow
187,Sorland,NO,67.667,12.6934,32.0,64,40,12.66,scattered clouds
188,Condado,CU,21.8767,-79.8403,77.0,57,20,3.44,few clouds
189,San Carlos De Bariloche,AR,-41.1456,-71.3082,64.4,48,40,8.05,scattered clouds
190,Lishui,CN,28.4604,119.9103,55.44,84,21,2.66,few clouds
191,Ancud,CL,-41.8697,-73.8203,66.0,52,0,8.05,clear sky
192,Nadym,RU,65.5333,72.5167,-4.45,92,100,9.24,light snow
193,Fortuna,US,40.5982,-124.1573,52.0,93,90,25.32,light rain
194,Tinskoy,RU,56.1525,96.9161,-33.05,82,0,3.06,clear sky
195,Bodden Town,KY,19.2833,-81.25,82.99,74,40,11.5,scattered clouds
196,Severiano Melo,BR,-5.7772,-37.9578,95.11,34,74,7.52,moderate rain
197,Boca Do Acre,BR,-8.7522,-67.3978,77.65,84,95,2.37,overcast clouds
198,Skiathos,GR,39.1623,23.4909,57.0,59,100,5.01,overcast clouds
199,Kangayam,IN,11.0,77.5667,80.6,54,20,5.75,haze
200,Broken Hill,AU,-31.95,141.4333,77.0,25,63,11.5,broken clouds
201,Jacareacanga,BR,-6.2222,-57.7528,89.94,53,58,4.21,broken clouds
202,Lavrentiya,RU,65.5833,-171.0,-9.44,86,100,14.16,overcast clouds
203,Vanavara,RU,60.34,102.2797,-36.81,82,25,4.32,scattered clouds
204,Namtsy,RU,62.7161,129.6658,-41.8,60,97,2.24,mist
205,Belaya Gora,RU,68.5333,146.4167,-36.45,83,98,4.99,overcast clouds
206,Khani,GE,41.9563,42.9566,51.8,54,90,3.44,overcast clouds
207,Goundi,TD,9.3627,17.366,98.98,10,0,4.16,clear sky
208,Zherdevka,RU,51.8486,41.4606,25.66,95,90,14.79,overcast clouds
209,Carndonagh,IE,55.25,-7.2667,41.0,70,75,16.11,broken clouds
210,Athabasca,CA,54.7169,-113.2854,-4.0,84,0,3.44,clear sky
211,Snezhnogorsk,RU,69.1933,33.2531,-7.6,84,0,4.47,clear sky
212,Itum-Kale,RU,42.7356,45.5758,43.27,59,100,1.59,overcast clouds
213,Upernavik,GL,72.7868,-56.1549,0.07,90,100,7.81,overcast clouds
214,Castro,BR,-24.7911,-50.0119,73.31,75,100,8.1,overcast clouds
215,Pevek,RU,69.7008,170.3133,-28.73,84,69,1.83,broken clouds
216,Lagoa,PT,39.05,-27.9833,61.97,92,99,25.68,overcast clouds
217,Flinders,AU,-34.5833,150.8552,66.99,90,100,1.01,overcast clouds
218,Coahuayana,MX,18.7333,-103.6833,73.4,56,1,0.94,clear sky
219,Eyl,SO,7.9803,49.8164,74.08,71,0,15.84,clear sky
220,Kalmunai,LK,7.4167,81.8167,77.76,87,2,7.85,clear sky
221,Matay,EG,28.419,30.7792,57.83,48,0,1.9,clear sky
222,Pyaozerskiy,RU,65.8333,31.1667,13.05,96,100,3.44,light snow
223,Alekseyevsk,RU,57.8406,108.3492,-36.96,79,99,5.28,overcast clouds
224,Mangai,CD,-4.05,19.5333,80.56,72,70,1.54,broken clouds
225,Picayune,US,30.5255,-89.6795,69.8,83,75,10.36,broken clouds
226,Qaanaaq,GL,77.484,-69.3632,-2.94,88,100,1.07,overcast clouds
227,Alofi,NU,-19.0595,-169.9187,75.2,94,75,4.61,broken clouds
228,Moroni,KM,-11.7022,43.2551,82.18,75,23,6.71,few clouds
229,Buchanan,LR,5.8808,-10.0467,87.8,66,75,11.5,light rain
230,Rio Grande,BR,-32.035,-52.0986,82.4,69,75,2.3,broken clouds
231,Ahipara,NZ,-35.1667,173.1667,56.86,81,0,4.03,clear sky
232,Nekhayevskiy,RU,50.4106,41.7561,36.0,87,98,7.0,overcast clouds
233,Lebu,CL,-37.6167,-73.65,63.28,68,0,13.15,clear sky
234,Monywa,MM,22.1167,95.1333,69.3,42,19,2.57,few clouds
235,Mercedes,AR,-34.6515,-59.4307,69.01,76,98,1.99,overcast clouds
236,Marsa Matruh,EG,31.3525,27.2453,68.0,52,0,6.91,clear sky
237,Port Keats,AU,-14.25,129.55,77.07,93,100,5.1,overcast clouds
238,Itarsi,IN,22.6167,77.75,60.13,29,0,4.99,clear sky
239,Paramonga,PE,-10.6667,-77.8333,76.26,66,40,11.92,scattered clouds
240,Palmer,US,42.1584,-72.3287,14.0,61,20,8.05,few clouds
241,Alice Springs,AU,-23.7,133.8833,88.0,36,3,6.91,clear sky
242,Meulaboh,ID,4.1363,96.1285,77.47,85,78,5.06,light rain
243,Khandyga,RU,62.6667,135.6,-51.07,76,78,1.7,broken clouds
244,Kasongo-Lunda,CD,-6.4667,16.8167,81.75,74,66,2.15,light rain
245,Chernyshevskiy,RU,63.0128,112.4714,-34.24,85,98,2.08,overcast clouds
246,Kumeny,RU,58.1089,49.9161,27.07,97,100,25.14,snow
247,Thonon-Les-Bains,FR,46.25,6.5,46.99,94,81,3.29,broken clouds
248,Paamiut,GL,61.994,-49.6678,24.48,91,0,13.22,clear sky
249,Lorengau,PG,-2.0226,147.2712,82.38,79,100,8.93,overcast clouds
250,Kampot,KH,10.6167,104.1833,77.0,83,30,3.44,scattered clouds
251,Havelock,US,34.8791,-76.9013,54.0,94,100,1.99,overcast clouds
252,Verkhnyaya Inta,RU,65.9811,60.3094,6.49,91,39,4.92,scattered clouds
253,Halifax,CA,44.6453,-63.5724,26.01,80,46,9.22,scattered clouds
254,Tongchuan,CN,35.0806,109.0897,38.68,56,98,7.45,overcast clouds
255,Walvis Bay,NA,-22.9575,14.5053,69.01,80,14,18.84,few clouds
256,Cayenne,GF,4.9333,-52.3333,84.2,70,75,16.11,broken clouds
257,Tutoia,BR,-2.7619,-42.2744,89.6,58,20,17.27,few clouds
258,Mehamn,NO,71.0357,27.8492,25.39,95,100,15.82,overcast clouds
259,Dunedin,NZ,-45.8742,170.5036,59.0,83,100,7.29,overcast clouds
260,Tupik,RU,54.4253,119.9327,-28.01,82,100,2.95,overcast clouds
261,Waingapu,ID,-9.6567,120.2641,78.75,82,100,9.93,overcast clouds
262,Ponta Do Sol,PT,32.6667,-17.1,64.99,63,0,4.0,clear sky
263,Sanchor,IN,24.7553,71.7722,57.87,39,0,4.03,clear sky
264,Haskovo,BG,41.9403,25.5694,44.6,76,100,5.75,overcast clouds
265,Inirida,CO,3.8653,-67.9239,91.02,52,76,3.53,broken clouds
266,Tamworth,GB,52.634,-1.6959,36.0,78,100,8.01,overcast clouds
267,Tongliao,CN,43.6125,122.2653,7.29,95,100,9.86,snow
268,Esperance,AU,-33.8667,121.9,60.8,82,0,9.22,clear sky
269,Bubaque,GW,11.2833,-15.8333,79.09,66,81,12.21,broken clouds
270,Kolyubakino,RU,55.668,36.5323,25.0,86,75,8.95,light snow
271,Maniwaki,CA,46.3834,-75.966,-4.0,77,0,4.61,clear sky
272,Gatesville,US,31.4352,-97.7439,46.99,57,1,17.27,clear sky
273,Xining,CN,36.6167,101.7667,17.69,64,0,3.06,clear sky
274,Miri,MY,4.4148,114.0089,78.8,94,40,3.44,scattered clouds
275,Florida,US,28.7505,-82.5001,71.6,60,1,14.97,clear sky
276,Porterville,US,36.0652,-119.0168,43.0,93,1,5.75,clear sky
277,Alta Floresta,BR,-9.8756,-56.0861,86.0,70,75,3.44,broken clouds
278,Bilma,NE,18.6853,12.9164,76.91,15,0,2.21,clear sky
279,Keetmanshoop,NA,-26.5833,18.1333,95.36,9,0,5.17,clear sky
280,Los Llanos De Aridane,ES,28.6585,-17.9182,69.8,68,20,14.97,few clouds
281,Karaton,ID,-6.3424,106.1045,81.0,83,20,2.3,haze
282,La Asuncion,VE,11.0333,-63.8628,79.52,78,38,16.13,scattered clouds
283,Rawson,AR,-43.3002,-65.1023,78.39,27,18,14.97,few clouds
284,Porto Walter,BR,-8.2686,-72.7439,73.71,94,95,3.98,overcast clouds
285,Ninh Binh,VN,20.2539,105.975,67.24,82,96,2.08,overcast clouds
286,Shache,CN,38.4167,77.2406,28.45,78,63,6.11,broken clouds
287,Dicabisagan,PH,17.0818,122.4157,71.74,82,100,10.02,overcast clouds
288,Harper,LR,4.375,-7.7169,82.29,79,35,8.41,moderate rain
289,Airai,TL,-8.9266,125.4092,61.56,100,100,3.38,moderate rain
290,Kroya,ID,-7.6331,109.2461,77.58,86,100,5.08,light rain
291,Pauini,BR,-7.7136,-66.9764,80.91,87,78,5.08,broken clouds
292,Mackay,AU,-21.15,149.2,78.8,78,75,18.41,broken clouds
293,Pandan,PH,14.0453,124.1694,76.14,82,87,17.74,overcast clouds
294,Lasa,IT,46.6166,10.7002,42.01,70,0,4.61,clear sky
295,Kangaatsiaq,GL,68.3065,-53.4641,6.4,95,100,8.68,overcast clouds
296,Hwange,ZW,-18.3693,26.5019,82.18,71,93,2.33,overcast clouds
297,Cairns,AU,-16.9167,145.7667,77.0,88,100,5.75,overcast clouds
298,Pangody,RU,65.85,74.4859,-6.97,91,100,10.07,light snow
299,Atar,MR,20.5169,-13.0499,89.6,20,72,16.11,broken clouds
300,Milove,UA,49.3787,40.1302,30.74,96,83,10.71,broken clouds
301,Porto Torres,IT,40.835,8.3972,57.2,77,75,13.8,broken clouds
302,Port Elizabeth,ZA,-33.918,25.5701,75.2,64,0,13.8,clear sky
303,Tawau,MY,4.2498,117.8871,75.2,94,20,5.19,moderate rain
304,Longhua,CN,23.6137,114.1919,56.5,79,0,1.48,clear sky
305,Rambouillet,FR,48.5833,1.9167,48.0,94,100,6.91,light rain
306,Beloha,MG,-25.1667,45.05,82.09,69,8,8.9,clear sky
307,Shaoyang,CN,27.2315,111.4525,50.63,83,76,6.11,broken clouds
308,Iquique,CL,-20.2208,-70.1431,71.6,60,0,9.22,clear sky
309,Talnakh,RU,69.4865,88.3972,-28.35,71,22,9.57,few clouds
310,Ginda,IN,30.6945,78.4932,41.86,53,0,5.35,clear sky
311,Tefe,BR,-3.3542,-64.7114,82.4,89,40,4.61,scattered clouds
312,Progreso,MX,21.2833,-89.6667,80.01,64,20,9.22,few clouds
313,Ayan,RU,56.45,138.1667,-16.44,80,100,12.66,overcast clouds
314,Toamasina,MG,-18.1667,49.3833,84.2,74,20,4.61,light rain
315,Seoul,KR,37.5683,126.9778,42.8,65,75,4.61,broken clouds
316,Plaster Rock,CA,46.9065,-67.39,10.0,66,75,6.91,broken clouds
317,Kijang,KR,35.2442,129.2139,53.6,66,75,10.36,light rain
318,Chokurdakh,RU,70.6333,147.9167,-29.09,85,27,10.49,scattered clouds
319,Severo-Kurilsk,RU,50.6789,156.125,21.92,94,100,41.76,light snow
320,Karoi,ZW,-16.8099,29.6925,72.32,91,99,3.02,light rain
321,Sinnamary,GF,5.3833,-52.95,80.28,75,40,14.16,scattered clouds
322,Aginskoye,RU,51.1,114.53,-16.19,81,13,15.82,few clouds
323,Sindor,RU,62.8629,51.8905,22.66,98,100,10.78,light snow
324,Porto Santo,PT,33.072,-16.3415,64.4,77,20,10.36,few clouds
325,Aksu,CN,41.1231,80.2644,21.43,79,72,1.7,broken clouds
326,Suchedniow,PL,51.0478,20.8292,25.0,67,0,4.61,clear sky
327,Dentsville,US,34.064,-80.9582,48.99,100,90,3.96,light rain
328,Rosario,AR,-32.9468,-60.6393,71.01,77,90,13.8,overcast clouds
329,Cabedelo,BR,-6.9811,-34.8339,86.0,66,75,13.8,broken clouds
330,Cabo San Lucas,MX,22.8909,-109.9124,62.6,82,75,3.44,broken clouds
331,Calama,CL,-22.4667,-68.9333,71.6,13,0,5.75,clear sky
332,Cangucu,BR,-31.395,-52.6756,82.4,69,75,2.3,broken clouds
333,San Cristobal,VE,7.7669,-72.225,78.8,61,40,6.91,scattered clouds
334,San Andres,CO,12.5847,-81.7006,80.6,74,40,11.5,scattered clouds
335,Port Hardy,CA,50.6996,-127.4199,44.6,100,40,4.61,light rain
336,Faanui,PF,-16.4833,-151.75,80.87,75,100,10.71,overcast clouds
337,East London,ZA,-33.0153,27.9116,78.8,78,75,8.05,broken clouds
338,Salta,AR,-24.7859,-65.4117,71.6,68,75,8.05,broken clouds
339,Ocampo,MX,21.65,-101.5,63.63,30,0,13.04,clear sky
340,Biak,ID,-0.9131,122.8766,78.08,75,100,6.02,overcast clouds
341,Honolulu,US,21.3069,-157.8583,71.6,73,90,10.36,light rain
342,Asau,RO,46.4333,26.4,30.99,63,100,3.24,light snow
343,Belmonte,BR,-15.8631,-38.8828,84.2,74,40,9.22,scattered clouds
344,Richards Bay,ZA,-28.783,32.0377,84.02,74,1,12.28,clear sky
345,Puerto El Triunfo,SV,13.2833,-88.55,84.2,73,0,5.75,clear sky
346,Colonia,DE,50.9333,6.95,37.0,80,75,12.66,broken clouds
347,Cheney,US,47.4874,-117.5758,41.0,87,90,10.36,light rain
348,Ongandjera,NA,-17.8833,15.0667,84.16,39,100,8.25,overcast clouds
349,Dikson,RU,73.5069,80.5464,-29.09,78,29,7.85,scattered clouds
350,Banjar,ID,-8.19,114.9675,80.6,89,40,6.91,moderate rain
351,Krasnogvardeyskoye,RU,45.8456,41.5186,47.03,82,99,13.91,moderate rain
352,Hambantota,LK,6.1241,81.1185,75.2,100,20,8.05,heavy intensity rain
353,Opuwo,NA,-18.0607,13.84,85.08,29,94,16.98,overcast clouds
354,Matagami,CA,49.7502,-77.6328,-5.8,84,90,5.75,overcast clouds
355,Vestmannaeyjar,IS,63.4427,-20.2734,33.8,69,75,19.57,broken clouds
356,Cedar City,US,37.6775,-113.0619,19.4,73,1,2.33,clear sky
357,Erzin,TR,36.9559,36.2,55.0,78,12,6.76,few clouds
358,Pyrzyce,PL,53.1462,14.8926,30.0,63,60,8.01,broken clouds
359,Kieta,PG,-6.2167,155.6333,81.16,81,100,11.63,overcast clouds
360,Luderitz,NA,-26.6481,15.1594,70.59,62,0,25.23,clear sky
361,Saint-Francois,FR,46.4154,3.9054,50.0,87,75,4.61,broken clouds
362,Aksarka,RU,66.5606,67.7975,-12.23,89,98,8.12,overcast clouds
363,Komsomolskiy,UZ,40.4272,71.7189,42.8,49,100,4.61,mist
364,College,US,64.8569,-147.8028,-5.8,77,90,0.36,light snow
365,Salalah,OM,17.0151,54.0924,75.2,60,0,5.75,clear sky
366,Ambikapur,IN,23.1167,83.2,52.03,40,0,4.14,clear sky
367,Kudahuvadhoo,MV,2.6708,72.8944,81.99,78,9,12.3,clear sky
368,Sisimiut,GL,66.9395,-53.6735,5.49,84,43,7.23,scattered clouds
369,Atasu,KZ,48.6814,71.6433,14.92,88,3,3.13,clear sky
370,Sarangani,PH,5.4033,125.4636,81.55,78,95,17.85,overcast clouds
371,Tornio,FI,65.8481,24.1466,14.0,85,90,8.05,light snow
372,Lichinga,MZ,-13.3128,35.2406,71.6,78,75,6.91,light rain
373,Goma,CD,-1.6792,29.2228,75.2,64,75,9.22,light rain
374,Fare,PF,-16.7,-151.0167,80.96,73,87,9.33,overcast clouds
375,Kirakira,SB,-10.4544,161.9205,78.3,83,100,5.5,overcast clouds
376,Codrington,AU,-38.2667,141.9667,52.05,87,0,6.67,clear sky
377,Araouane,ML,18.9048,-3.5265,85.14,11,22,11.23,few clouds
378,Grand Gaube,MU,-20.0064,57.6608,82.0,73,43,10.0,scattered clouds
379,Egvekinot,RU,66.3167,-179.1667,-14.91,89,100,18.03,overcast clouds
380,Benghazi,LY,32.1167,20.0667,66.83,52,0,14.72,clear sky
381,Tiarei,PF,-17.5333,-149.3333,75.2,73,40,3.44,scattered clouds
382,Guaruja,BR,-23.9931,-46.2564,91.4,55,0,8.05,light rain
383,Kloulklubed,PW,7.0419,134.2556,80.6,78,75,8.05,broken clouds
384,Bah,IN,26.87,78.5975,56.71,37,0,4.36,clear sky
385,Normandin,CA,48.8333,-72.5321,-2.2,71,0,8.05,clear sky
386,Tuatapere,NZ,-46.1333,167.6833,53.22,82,100,4.18,overcast clouds
387,Dubti,ET,11.7361,41.0853,81.86,29,0,4.29,clear sky
388,Atambua,ID,-9.1061,124.8925,73.99,90,100,4.32,light rain
389,Puksoozero,RU,62.5903,40.6066,15.66,97,100,4.45,overcast clouds
390,Asekeyevo,RU,53.5742,52.7972,24.17,94,75,12.91,snow
391,Vieux-Habitants,GP,16.0589,-61.7659,82.4,65,40,14.97,scattered clouds
392,Maposeni,TZ,-10.5833,35.4,71.33,91,100,3.65,light rain
393,Kropotkin,RU,45.4375,40.5756,46.62,82,99,15.17,light rain
394,Krasnoufimsk,RU,56.6059,57.7669,19.54,97,91,5.57,overcast clouds
395,Toora-Khem,RU,52.4675,96.11,-19.1,84,19,1.5,few clouds
396,Meiganga,CM,6.5167,14.3,90.32,15,44,7.36,scattered clouds
397,Grimstad,NO,58.3405,8.5934,34.0,64,0,1.14,clear sky
398,Omsukchan,RU,62.5333,155.8,-36.71,78,100,6.73,overcast clouds
399,Banda Aceh,ID,5.5577,95.3222,78.1,82,100,13.47,overcast clouds
400,Ensley,US,30.5188,-87.2728,68.0,88,90,11.5,overcast clouds
401,Nouakchott,MR,18.0858,-15.9785,91.4,8,95,17.27,overcast clouds
402,Abu Samrah,SY,35.3029,37.1841,52.9,76,7,3.24,clear sky
403,Milkovo,RU,54.7167,158.6167,7.14,94,100,3.27,light snow
404,Praya,CV,14.9215,-23.5087,84.2,42,0,17.27,clear sky
405,Port Macquarie,AU,-31.4333,152.9167,69.01,99,78,4.32,broken clouds
406,Bo Rai,TH,12.5728,102.5371,72.68,69,21,0.34,few clouds
407,Te Karaka,NZ,-38.4654,177.8679,53.94,79,97,0.85,overcast clouds
408,Viedma,AR,-40.8135,-62.9967,75.0,44,4,6.2,clear sky
409,Los Reyes,MX,19.35,-98.9667,55.4,47,1,5.53,clear sky
410,Chapais,CA,49.7834,-74.8492,-5.8,77,90,3.44,overcast clouds
411,Cap Malheureux,MU,-19.9842,57.6142,82.0,73,31,10.0,scattered clouds
412,Ostrovnoy,RU,68.0531,39.5131,12.65,94,93,7.23,overcast clouds
413,Kavaratti,IN,10.5669,72.642,81.82,75,0,9.75,clear sky
414,Taoudenni,ML,22.6783,-3.9836,86.67,12,0,5.64,clear sky
415,Jiangyou,CN,31.7667,104.7167,47.82,57,78,1.83,broken clouds
416,Aquiraz,BR,-3.9014,-38.3911,86.0,66,20,18.41,few clouds
417,Ambilobe,MG,-13.2,49.05,77.49,89,94,1.92,moderate rain
418,Concepcion,CL,-36.827,-73.0498,68.0,73,0,4.61,clear sky
419,Tiksi,RU,71.6872,128.8694,-26.55,86,100,6.24,overcast clouds
420,Chernoyerkovskaya,RU,45.4331,37.7686,48.2,81,75,8.95,broken clouds
421,Norman Wells,CA,65.282,-126.8329,-20.2,76,75,2.3,broken clouds
422,Labuhan,ID,-6.8844,112.2051,79.16,85,100,11.68,light rain
423,Depalpur,IN,22.85,75.55,60.8,39,0,4.61,haze
424,Oranjemund,NA,-28.55,16.4333,68.47,73,1,15.5,clear sky
425,Kavieng,PG,-2.5744,150.7967,83.23,80,98,11.86,overcast clouds
426,Plettenberg Bay,ZA,-34.0527,23.3716,73.06,67,0,7.54,clear sky
427,Koumac,NC,-20.5667,164.2833,75.81,78,96,3.56,overcast clouds
428,Zabaykalsk,RU,49.6333,117.3167,-23.57,83,6,7.74,clear sky
429,Sao Gotardo,BR,-19.3111,-46.0489,78.33,68,100,4.41,overcast clouds
430,Susanville,US,40.4163,-120.653,21.2,93,75,2.39,broken clouds
431,Laramie,US,41.3114,-105.5911,23.0,79,1,6.91,clear sky
432,Havre-Saint-Pierre,CA,50.2334,-63.5986,26.6,59,90,11.5,overcast clouds
433,Upata,VE,8.0086,-62.3989,75.99,97,81,1.99,broken clouds
434,Galbshtadt,RU,53.2264,78.9845,0.7,90,60,9.66,broken clouds
435,Galveston,US,29.3669,-94.9669,62.6,48,1,14.97,clear sky
436,Hualmay,PE,-11.0964,-77.6139,76.32,66,46,11.97,scattered clouds
437,Mollendo,PE,-17.0231,-72.0147,73.65,64,43,9.84,scattered clouds
438,Tayoltita,MX,24.0833,-105.9333,73.89,23,4,3.76,clear sky
439,Trelew,AR,-43.249,-65.3051,82.18,20,27,15.79,scattered clouds
440,Muhos,FI,64.808,25.9931,16.0,85,90,4.61,light snow
441,Palana,RU,59.1167,159.9667,-4.05,93,86,15.12,overcast clouds
442,Bonthe,SL,7.5264,-12.505,86.88,56,64,12.64,broken clouds
443,Camana,PE,-16.6228,-72.7111,75.02,62,49,11.12,scattered clouds
444,Ozernovskiy,RU,51.5,156.5167,6.01,94,100,11.72,light snow
445,Morgan City,US,29.6994,-91.2068,70.0,88,20,14.97,few clouds
446,Kenmare,IE,51.8833,-9.5833,50.99,90,97,2.95,moderate rain
447,Iracoubo,GF,5.4802,-53.2011,81.25,72,23,14.12,few clouds
448,Imbituba,BR,-28.24,-48.6703,87.8,58,0,13.8,clear sky
449,Tura,IN,25.5198,90.2201,54.07,42,0,2.35,clear sky
450,Coihaique,CL,-45.5752,-72.0662,64.4,48,0,6.91,clear sky
451,Orativ,UA,49.1889,29.527,28.4,80,90,3.18,overcast clouds
452,Fairview,US,40.8126,-73.999,23.0,58,20,8.05,few clouds
453,Atherton,GB,53.5237,-2.4935,39.99,51,100,8.01,overcast clouds
454,Pinheiro Machado,BR,-31.5783,-53.3811,78.84,70,100,4.54,light rain
455,Santa Lucia,ES,27.9117,-15.5407,71.6,60,20,32.21,few clouds
456,Itupiranga,BR,-5.1347,-49.3267,86.0,74,75,4.61,broken clouds
457,Khorramshahr,IR,30.4397,48.1664,62.6,42,0,4.61,clear sky
458,Saurimo,AO,-9.6608,20.3916,74.62,81,69,3.8,light rain
459,Kargasok,RU,59.0556,80.8572,-12.39,87,100,11.61,overcast clouds
460,Warmbad,NA,-28.45,18.7333,93.06,10,0,20.45,clear sky
461,Lamar,US,33.6668,-95.5836,44.01,70,90,20.71,overcast clouds
462,Kruisfontein,ZA,-34.0033,24.7314,78.01,61,0,5.01,clear sky
463,Punta Alta,AR,-38.8759,-62.0736,70.16,41,92,14.88,overcast clouds
464,Barreiras,BR,-12.1528,-44.99,96.91,30,50,3.83,scattered clouds
465,Kichera,RU,55.9375,110.0997,-20.85,74,80,4.94,broken clouds
466,Catia La Mar,VE,10.6038,-67.0303,78.8,78,90,10.98,light intensity drizzle
467,Nhamunda,BR,-2.1861,-56.7131,90.95,49,17,7.25,few clouds
468,Boralday,KZ,43.3578,76.8594,28.4,69,75,4.47,mist
469,Chara,RU,56.9064,118.2631,-29.85,78,100,2.48,overcast clouds
470,Camacha,PT,33.0833,-16.3333,64.4,77,20,10.36,few clouds
471,Sur,OM,22.5667,59.5289,69.37,57,0,5.35,clear sky
472,Xai-Xai,MZ,-25.0519,33.6442,82.11,75,70,12.03,broken clouds
473,Malakal,SS,9.5334,31.6605,89.65,15,0,5.79,clear sky
474,Guiyang,CN,26.5833,106.7167,41.0,100,90,6.71,mist
475,Ouegoa,NC,-20.35,164.4333,76.69,78,95,14.05,overcast clouds
476,Waddan,LY,29.1614,16.139,75.33,18,0,12.84,clear sky
477,Buturlinovka,RU,50.8239,40.6092,25.41,96,89,11.16,overcast clouds
478,Srednekolymsk,RU,67.45,153.6833,-30.19,84,100,7.78,overcast clouds
479,Akyab,MM,20.15,92.9,70.74,37,90,14.74,overcast clouds
480,Beringovskiy,RU,63.05,179.3167,9.9,95,100,24.7,snow
481,Praia Da Vitoria,PT,38.7333,-27.0667,68.0,83,40,23.98,scattered clouds
482,Kashi,CN,39.4547,75.9797,28.4,50,87,4.47,overcast clouds
483,Hannibal,US,39.7084,-91.3585,33.8,93,90,13.8,light snow
484,Karratha,AU,-20.7377,116.8463,86.99,59,91,11.5,overcast clouds
485,Sinjar,IQ,36.3209,41.8754,43.43,87,100,17.05,overcast clouds
486,Tynda,RU,55.1667,124.7167,-38.16,78,92,3.49,overcast clouds
487,Jaque,PA,7.5175,-78.1703,83.52,65,47,4.18,scattered clouds
488,Vanimo,PG,-2.6741,141.3028,78.4,86,100,8.75,heavy intensity rain
489,Jumla,NP,29.2747,82.1838,33.31,76,0,2.95,clear sky
490,Inhambane,MZ,-23.865,35.3833,87.8,66,20,11.5,few clouds
491,Solvychegodsk,RU,61.3305,46.9156,25.7,98,100,8.08,snow
492,Thap Than,TH,15.4606,99.8917,77.0,73,2,1.03,clear sky
493,Haapsalu,EE,58.9431,23.5414,27.0,86,75,3.44,light snow
494,Yerbogachen,RU,61.2767,108.0108,-33.32,79,35,5.26,scattered clouds
495,Sikonge,TZ,-5.6333,32.7667,70.97,86,97,4.79,light rain
496,Majene,ID,-3.5403,118.9707,78.24,73,100,6.46,overcast clouds
497,Faya,SA,18.3851,42.4509,64.4,59,0,10.36,clear sky
498,Agadir,MA,30.4202,-9.5982,69.8,64,0,11.5,clear sky
499,Bessemer,US,33.4018,-86.9544,64.0,100,75,6.91,broken clouds
500,Vaitape,PF,-16.5167,-151.75,80.87,75,100,10.69,overcast clouds
501,Dandong,CN,40.1292,124.3947,35.53,95,97,8.37,overcast clouds
502,Korla,CN,41.7597,86.1469,23.76,81,43,1.52,scattered clouds
503,Baneh,IR,35.9975,45.8853,30.56,97,100,5.59,overcast clouds
504,Boa Esperanca,BR,-21.09,-45.5658,81.91,63,100,3.91,overcast clouds
505,Areka,ET,7.0667,37.7,71.53,22,27,5.95,scattered clouds
506,Poronaysk,RU,49.2167,143.1167,-9.72,86,0,5.23,clear sky
507,Leningradskiy,RU,69.3833,178.4167,-24.2,84,55,7.56,broken clouds
508,Ipixuna,BR,-1.7625,-48.8043,89.6,55,75,16.11,broken clouds
509,Acworth,US,34.0659,-84.6769,42.8,93,90,6.91,overcast clouds
510,Yar-Sale,RU,66.8333,70.8333,-7.13,91,100,8.37,overcast clouds
511,Azuaga,ES,38.2667,-5.6833,54.0,89,100,5.99,overcast clouds
512,Pouebo,NC,-20.4,164.5667,75.52,80,95,14.34,overcast clouds
513,Changji,CN,44.0167,87.3167,-0.4,92,40,2.24,mist
514,Ambon,ID,-3.6954,128.1814,77.0,88,40,4.61,scattered clouds
515,Mount Isa,AU,-20.7333,139.5,84.2,42,100,11.07,overcast clouds
516,Corinth,GR,37.9407,22.9573,62.01,82,75,11.5,broken clouds
517,Port Lincoln,AU,-34.7333,135.8667,62.69,80,89,9.75,overcast clouds
518,Adrar,MR,20.5022,-10.0711,84.54,13,33,8.37,scattered clouds
519,Kipushi,CD,-11.7667,27.2333,69.76,93,100,4.83,moderate rain
520,Eureka,US,40.8021,-124.1637,53.6,71,90,17.27,overcast clouds
521,Jijiga,ET,9.35,42.8,66.92,31,0,16.02,clear sky
522,Ormara,PK,25.2088,64.6357,71.64,74,0,15.48,clear sky
523,Port Hawkesbury,CA,45.6169,-61.3485,37.0,86,90,10.36,light rain
524,Enkoping,SE,59.6361,17.0777,18.0,79,90,5.75,overcast clouds
525,Shepsi,RU,44.0361,39.1489,48.79,85,100,17.98,overcast clouds
526,Rio Gallegos,AR,-51.6226,-69.2181,68.0,30,0,16.11,clear sky
527,Ravar,IR,31.2656,56.8055,53.6,41,0,1.01,clear sky
528,Zaria,NG,11.1113,7.7227,91.53,11,33,6.38,scattered clouds
529,Kurumoch,RU,53.4896,50.0375,28.4,93,90,17.9,light snow
530,Meadow Lake,US,34.8014,-106.5436,30.99,69,1,5.75,clear sky
531,Hobyo,SO,5.3505,48.5268,76.71,71,63,16.31,broken clouds
532,Cotonou,BJ,6.3654,2.4183,89.6,70,40,14.97,scattered clouds
533,Nuuk,GL,64.1835,-51.7216,17.6,79,0,13.8,clear sky
534,Bukama,CD,-9.2,25.85,77.25,88,100,2.64,moderate rain
535,Iralaya,HN,15.0,-83.2333,84.2,68,40,9.98,scattered clouds
536,Kapit,MY,2.0167,112.9333,74.86,93,100,1.45,moderate rain
537,Kwinana,AU,-32.25,115.7667,80.01,41,0,18.41,clear sky
538,Severo-Yeniseyskiy,RU,60.3725,93.0408,-29.2,84,83,2.26,broken clouds
539,Morondava,MG,-20.2833,44.2833,84.15,68,54,7.81,broken clouds
540,Acapulco,MX,16.8634,-99.8901,78.8,78,20,3.44,few clouds
541,Rundu,NA,-17.9333,19.7667,75.38,77,99,5.41,light rain
542,Kamenka,RU,51.3223,42.7678,35.01,90,100,18.32,light snow
543,Coquimbo,CL,-29.9533,-71.3436,66.2,82,40,13.8,scattered clouds
544,Tommot,RU,58.9564,126.2925,-42.29,76,84,3.31,broken clouds
545,Serov,RU,59.6033,60.5787,10.27,97,99,5.28,overcast clouds
546,Ust-Ishim,RU,57.6935,71.1665,7.29,95,86,3.56,overcast clouds
547,Orsha,BY,54.5153,30.4053,24.8,86,90,15.66,snow
548,Qaqortoq,GL,60.7167,-46.0333,39.2,30,75,26.46,broken clouds
549,Stornoway,GB,58.2093,-6.3865,37.4,65,20,5.75,few clouds
550,Yurga,RU,55.7231,84.8861,-13.56,84,76,5.82,broken clouds
551,Poltavka,RU,54.3663,71.7632,8.94,95,100,7.11,overcast clouds
552,Huanta,PE,-12.9333,-74.25,62.6,55,40,3.44,scattered clouds
553,Kapuskasing,CA,49.4169,-82.4331,-7.6,77,30,3.44,scattered clouds
554,Northam,GB,51.0333,-4.2167,42.01,93,100,5.99,overcast clouds
555,Skotterud,NO,59.9828,12.1283,15.01,85,0,2.3,clear sky
556,Tambacounda,SN,13.7539,-13.7586,98.6,12,0,11.5,clear sky
557,Lardos,GR,36.0942,28.0157,62.6,63,20,5.75,few clouds
558,Maningrida,AU,-12.0667,134.2667,77.97,87,98,11.86,overcast clouds
559,Karpathos,GR,35.507,27.2132,60.8,82,40,11.5,scattered clouds
560,Narsaq,GL,60.9167,-46.05,39.2,30,75,26.46,broken clouds
561,Clyde River,CA,70.4692,-68.5914,3.2,78,90,11.5,overcast clouds
562,Bargur,IN,12.5424,78.3539,70.11,61,1,6.2,clear sky
563,Fomboni,KM,-12.28,43.7425,83.77,75,77,10.09,broken clouds
564,Micheweni,TZ,-4.9667,39.8333,79.88,74,56,15.05,broken clouds
565,Blagoveshchenka,RU,52.8333,79.8667,0.23,91,52,8.16,broken clouds
566,Nongstoin,IN,25.5167,91.2667,44.71,71,1,4.23,clear sky
567,Jhinjhak,IN,26.5667,79.7333,55.74,39,0,2.39,clear sky
568,Sao Joao Da Barra,BR,-21.6403,-41.0511,89.6,45,0,16.11,clear sky
569,Cortez,US,37.3489,-108.5859,21.0,85,1,5.75,clear sky
570,Westport,US,41.1415,-73.3579,21.99,53,1,3.44,clear sky
571,Tallahassee,US,30.4383,-84.2807,62.01,95,94,12.5,light rain
572,Brae,GB,60.3964,-1.353,33.8,93,40,9.22,scattered clouds
573,Sinazongwe,ZM,-17.2614,27.4618,81.84,78,100,7.63,light rain
574,Taungdwingyi,MM,20.0167,95.55,68.11,41,34,3.76,scattered clouds
575,Souris,CA,49.6172,-100.2612,17.6,86,90,8.05,overcast clouds
576,Seymchan,RU,62.8833,152.4333,-27.98,82,100,7.58,overcast clouds
577,Kabanjahe,ID,3.1001,98.4908,77.0,100,40,2.3,haze
578,Dauphin,CA,51.1494,-100.0502,17.6,93,90,4.61,light snow
579,Verkhnevilyuysk,RU,63.4453,120.3167,-50.67,75,36,4.0,scattered clouds
580,West Point,US,33.6076,-88.6503,62.6,94,20,6.91,few clouds
581,Samarai,PG,-10.6167,150.6667,82.33,74,85,14.65,overcast clouds
582,Charkhari,IN,25.4,79.75,56.3,38,0,5.53,clear sky
583,Sao Fidelis,BR,-21.6461,-41.7469,89.6,45,0,16.11,clear sky
584,Segezha,RU,63.7415,34.3222,9.97,96,64,2.82,broken clouds
585,Anadyr,RU,64.75,177.4833,6.8,78,90,26.84,heavy snow
586,Port-Gentil,GA,-0.7193,8.7815,86.0,74,40,8.05,scattered clouds
587,Houston,US,29.7633,-95.3633,57.99,47,1,11.5,clear sky
588,Arman,RU,59.7,150.1667,-14.44,76,99,14.12,overcast clouds
589,Kapoeta,SS,4.7717,33.5903,90.05,16,76,13.73,broken clouds
590,Cabra,ES,37.4725,-4.4421,60.8,72,90,10.36,overcast clouds
591,Carauari,BR,-4.8828,-66.8958,89.87,55,83,4.34,broken clouds
592,Ryotsu,JP,38.0833,138.4333,33.64,87,0,5.86,clear sky
593,Santa Maria,BR,-29.6842,-53.8069,75.2,83,90,4.61,overcast clouds
594,Southbridge,US,42.0751,-72.0334,12.2,48,1,3.42,clear sky
595,Gat,IL,31.61,34.7642,63.0,54,0,1.99,clear sky
596,La Ronge,CA,55.1001,-105.2842,12.2,92,43,3.44,scattered clouds
597,Moindou,NC,-21.6924,165.677,69.8,88,40,1.14,scattered clouds
598,Wanlaweyn,SO,2.6185,44.8938,79.12,57,4,21.79,clear sky
599,Nioki,CD,-2.7167,17.6833,86.43,58,39,0.89,scattered clouds
600,Port Pirie,AU,-33.1833,138.0167,69.8,78,100,11.5,overcast clouds
601,Felipe Carrillo Puerto,MX,19.5833,-88.05,80.58,64,99,3.96,overcast clouds
602,Mana,GF,5.6592,-53.7767,80.94,72,59,13.15,broken clouds
603,Amahai,ID,-3.3333,128.9167,79.21,78,100,4.68,overcast clouds
604,Niquero,CU,20.0431,-77.5828,78.8,58,28,5.37,scattered clouds
605,Salamiyah,SY,35.0113,37.0532,52.83,79,0,5.88,clear sky
606,Bitkine,TD,11.9801,18.2138,94.08,12,0,3.91,clear sky
607,Kingaroy,AU,-26.5333,151.8333,68.0,88,75,4.61,broken clouds
608,Zheleznodorozhnyy,RU,55.7503,38.0042,26.6,86,75,8.95,light snow
609,Belle Glade,US,26.6845,-80.6676,75.0,75,62,4.0,broken clouds
610,Nouadhibou,MR,20.931,-17.0347,75.2,57,0,14.97,clear sky
611,Garmsar,IR,35.2182,52.3409,50.27,43,86,9.13,overcast clouds
612,Tshela,CD,-4.9833,12.9333,85.24,66,99,3.94,overcast clouds
613,Mizan Teferi,ET,6.9833,35.5833,71.22,52,56,0.36,broken clouds
614,Goya,AR,-29.14,-59.2626,83.34,50,58,6.82,broken clouds
615,Ahuimanu,US,21.4447,-157.8378,71.6,83,90,16.11,heavy intensity rain
616,Suraabad,AZ,40.8192,49.4687,42.8,87,0,9.22,clear sky
617,Tiquicheo,MX,18.8833,-100.7333,88.66,28,0,1.61,clear sky
618,San Quintin,MX,30.4833,-115.95,58.05,65,95,0.92,overcast clouds
619,Carlsbad,US,33.1581,-117.3506,48.2,87,1,5.03,clear sky
620,Port Shepstone,ZA,-30.7414,30.455,78.51,88,46,11.65,light rain
621,Wamba,NG,8.9333,8.6,97.77,9,10,4.09,clear sky
622,Teguise,ES,29.0605,-13.564,71.6,56,20,32.21,few clouds
623,Aklavik,CA,68.2191,-135.0107,-18.4,76,90,3.44,light snow
624,Maralal,KE,1.0968,36.698,64.08,44,87,12.08,overcast clouds
625,Kurilsk,RU,45.2333,147.8833,18.9,91,100,24.49,light snow
626,Burnie,AU,-41.0667,145.9167,59.61,85,47,5.5,scattered clouds
627,Tokmak,UA,47.2514,35.7058,38.41,73,85,4.9,overcast clouds
628,Gualeguay,AR,-33.1416,-59.3097,69.69,67,95,17.13,overcast clouds
629,Surat,IN,21.1667,72.8333,73.4,56,0,6.91,smoke
630,Kajaani,FI,64.2273,27.7285,17.6,93,90,1.14,light snow
631,Westerland,DE,54.9079,8.3033,37.4,81,20,4.61,few clouds
632,Comines,FR,50.7615,3.0106,37.0,91,100,5.99,overcast clouds
633,Hojai,IN,26.0,92.8667,60.89,58,0,2.71,clear sky
634,Kostomuksha,RU,64.571,30.5767,12.07,97,100,3.74,overcast clouds
635,Mnogovershinnyy,RU,53.9353,139.9242,-21.03,84,1,7.07,clear sky
636,Tezu,IN,27.9167,96.1667,59.23,42,14,4.07,few clouds
637,Spornoye,RU,50.8448,37.2913,28.4,74,75,11.18,light snow
638,Saint Andrews,US,34.0454,-81.1293,50.0,93,90,3.44,light rain
639,Saint-Leu,RE,-21.15,55.2833,82.4,65,20,25.32,few clouds
640,Reading,GB,51.4562,-0.9711,37.99,81,90,9.22,moderate rain
641,Puerto Carreno,CO,6.189,-67.4859,91.89,46,84,13.98,broken clouds
642,Binga,ZW,-17.6203,27.3414,80.11,80,89,5.44,light rain
643,Gigmoto,PH,13.7796,124.39,76.39,82,99,15.23,overcast clouds
644,Tabuk,PH,17.4189,121.4443,65.39,88,92,3.02,overcast clouds
645,Klamath Falls,US,42.2249,-121.7817,35.6,69,75,17.27,broken clouds
646,Pemba,MZ,-12.974,40.5178,82.4,83,75,17.27,moderate rain
647,Lazaro Cardenas,MX,17.9583,-102.2,82.67,60,4,1.66,clear sky
648,Baijiantan,CN,45.6333,85.1833,8.26,92,50,1.23,scattered clouds
649,Arcata,US,40.8665,-124.0828,53.6,71,90,17.27,overcast clouds
650,Porto Belo,BR,-27.1578,-48.5531,91.0,55,0,12.66,clear sky
651,Namanga,KE,-2.5433,36.7905,72.99,49,56,12.19,broken clouds
652,Mitsamiouli,KM,-11.3847,43.2844,82.8,73,27,9.06,scattered clouds
653,Boromo,BF,11.75,-2.9333,98.1,8,0,8.66,clear sky
654,Flin Flon,CA,54.7682,-101.865,14.0,85,90,3.44,light snow
655,Svetlaya,RU,46.5389,138.3297,-1.88,82,20,7.43,few clouds
656,Sandwick,GB,60.0,-1.25,33.8,93,40,9.22,scattered clouds
657,Galesong,ID,-5.3166,119.3661,77.0,100,20,2.3,few clouds
658,Waipawa,NZ,-41.4122,175.5153,57.2,77,56,12.66,broken clouds
659,Mezen,RU,65.8522,44.24,8.96,96,95,6.35,overcast clouds
660,Ugoofaaru,MV,5.6667,73.0,82.87,71,88,10.07,overcast clouds
661,Darhan,MN,49.4867,105.9228,-17.77,77,0,3.96,clear sky
662,Lynchburg,US,37.4138,-79.1423,32.0,86,90,8.05,light rain
663,Pemangkat,ID,1.1667,108.9667,78.17,87,100,9.17,light rain
664,Bingol,TR,38.8847,40.4939,30.58,96,96,0.89,light snow
665,Russell,US,32.3502,-85.1999,61.0,94,90,3.44,heavy intensity rain
666,Portland,US,45.5234,-122.6762,48.0,81,90,18.41,overcast clouds
667,Oakdale,US,44.963,-92.9649,30.2,80,90,5.75,light snow
668,Burewala,PK,30.1667,72.65,62.2,25,36,4.0,scattered clouds
669,Pantai Remis,MY,4.4557,100.6288,80.6,89,40,1.14,scattered clouds
670,Key Largo,US,25.0865,-80.4473,75.0,69,92,15.3,overcast clouds
671,Dzerzhinskoye,RU,56.8344,95.2283,-35.52,80,0,4.03,clear sky
672,Santa Isabel,BR,-23.3156,-46.2214,91.4,45,75,8.05,broken clouds
673,Aloleng,PH,16.1307,119.7824,74.03,72,3,7.52,clear sky
